CIR,LSV,ART,APT,OPC,PTOS,CALIF,INFRACCION,MULTA,RESPONSABILIDAD,COMENTARIO,MATERIA
CIR  Art. 002 Apt. 1 Opc. 5D,LSV  Art. 010 Apt. 1 Opc. 5D,2010,11,5D,0,LEVE,"COMPORTARSE INDEBIDAMENTE EN LA CIRCULACIÓN CAUSANDO PELIGRO A LAS PERSONAS. (DEBERÁ INDICARSE DETALLADAMENTE EL COMPORTAMIENTO Y/O EL
TIPO DE PELIGRO CAUSADO)","100.0
50.0",CONDUCTOR USUARIO,,COMPORTA MIENTO INDEBIDO
CIR  Art. 002 Apt. 1 Opc. 5E,LSV  Art. 010 Apt. 1 Opc. 5E,2010,11,5E,0,LEVE,"COMPORTARSE INDEBIDAMENTE EN LA CIRCULACIÓN ENTORPECIENDO LA MISMA, CAUSANDO PERJUICIOS Y MOLESTIAS INNECESARIAS A LAS PERSONAS O DAÑOS A LOS BIENES. (DEBERÁ INDICARSE DETALLADAMENTE EL COMPORTAMIENTO Y/O EL TIPO DE PERJUICIO, MOLESTIA O DAÑO CAUSADOS.) ","80.0
40.0",CONDUCTOR USUARIO,"NOTA: TENDRÍAN CABIDA EN ESTE SUPUESTO, POR EJEMPLO, CIRCULAR CON EL VOLUMEN ELEVADO DEL REPRODUCTOR DE SONIDO AL CIRCULAR POR TRAVESÍAS O VÍAS URBANAS, YA QUE TAL CONDUCTA PUEDE ""CAUSAR UNA MOLESTIA INNECESARIA A LAS PERSONAS QUE HABITAN EN LOS INMUEBLES CERCANOS A LA VÍA"".",COMPORTA MIENTO INDEBIDO
CIR  Art. 003 Apt. 1 Opc. 5C,LSV  Art. 010 Apt. 2 Opc. 5C,3010,12,5C,0,GRAVE 076.- M),"CONDUCIR SIN LA DILIGENCIA
,PRECAUCIÓN Y NO DISTRACCIÓN NECESARIOS PARA EVITAR TODO DAÑO PROPIO O AJENO  (DEBERÁ DETALLARSE LA CONDUCTA)","200.0
100.0",CONDUCTOR,,CONDUCC. NEGLIGENT E
CIR  Art. 004 Apt. 2 Opc. 5B,LSV  Art. 012 Apt. 2 Opc. 5B,4012,22,5B,0,LEVE,"DEPOSITAR O ABANDONAR SOBRE LA VÍA OBJETOS O MATERIAS QUE PUEDAN ENTORPECER LA LIBRE CIRCULACIÓN, PARADA O ESTACIONAMIENTO  (DEBERÁ INDICARSE EL OBJETO O MATERIA QUE CAUSE EL ENTORPECIMIENTO)","80.0
40.0",CONDUCTOR USUARIO,"NOTA: HABRÁ QUE TENER EN CUENTA, A EFECTOS DE TRASLADO AL MINISTERIO FISCAL,LOS CASOS EN LOS QUE LOS HECHOS PUDIERAN SER CONSTITUTIVOS DE DELITO PREVISTO EN EL ART. 385  DEL CÓDIGO PENAL POR ORIGINAR UN GRAVE RIESGO PARA LA CIRCULACIÓN COLOCANDO EN LA VÍA OBSTÁCULOS IMPREVISIBLES, DERRAMANDO SUSTANCIAS DESLIZANTES O INFLAMABLES O POR CUALQUIER OTRO
MEDIO",COMPORTA MIENTO INDEBIDO
CIR  Art. 005 Apt. 1 Opc. 5B,LSV  Art. 012 Apt. 3 Opc. 5B,5012,13,5B,0,LEVE,"NO ADOPTAR LAS MEDIDAS NECESARIAS PARA QUE EL RESTO DE USUARIOS PUEDAN ADVERTIR UN OBSTÁCULO O PELIGRO EN LA VÍA POR QUIEN LO HA CREADO. (DEBERÁ INDICARSE EL OBSTÁCULO O
PELIGRO EXISTENTE)","80.0
40.0",CONDUCTOR USUARIO,"NOTA:  PARA ADVERTIR LA PRESENCIA EN LA VÍA DE CUALQUIER OBSTÁCULO O PELIGRO CREADO, EL CAUSANTE DEL MISMO DEBERÁ SEÑALIZARLO DE FORMA EFICAZ, TANTO DE DÍA COMO DE NOCHE (ART. 130.3, 140 Y 173 RGCIR).",SEÑALIZACI ÓN
CIR  Art. 005 Apt. 6 Opc. 5A,LSV  Art. 012 Apt. 3 Opc. 5A,5012,63,5A,0,LEVE,"DETENER, PARAR O ESTACIONAR LOS VEHÍCULOS DESTINADOS A LOS SERVICIOS DE URGENCIA, ASISTENCIA MECÁNICA O DE CONSERVACIÓN DE CARRETERAS EN LUGAR DISTINTO DEL FIJADO POR LOS AGENTES DE LA AUTORIDAD RESPONSABLES
DEL TRÁFICO","80.0
40.0",CONDUCTOR,NOTA: TODAS LAS ACTUACIONES A REALIZAR CON ESTE TIPO DE VEHÍCULOS DEBERÁ REGIRSE POR LOS PRINCIPIOS DE UTILIZACIÓN DE LOS RECURSOS IDÓNEOS Y ESTRICTAMENTE NECESARIOS EN CADA CASO.,PARADA
CIR  Art. 006 Apt. 1 Opc. 5B,LSV  Art. 012 Apt. 4 Opc. 5B,6012,14,5B,4,GRAVE 076.- N),"ARROJAR A LA VÍA O EN SUS INMEDIACIONES CUALQUIER OBJETO QUE PUEDA PRODUCIR ACCIDENTES DE CIRCULACIÓNOBJETO
ARROJADO)","200.0
100.0",CONDUCTOR,"NOTA: HABRÁ QUE TENER EN CUENTA, A EFECTOS DE TRASLADO AL MINISTERIO FISCAL, LOS CASOS EN LOS QUE LOS HECHOS PUDIERAN SER CONSTITUTIVOS DE DELITOS PREVISTOS EN LOS ARTÍCULOS 385 Ó 351 DEL CÓDIGO PENAL.",COMPORTA MIENTO INDEBIDO
CIR  Art. 006 Apt. 1 Opc. 5D,LSV  Art. 012 Apt. 4 Opc. 5D,6012,14,5D,0,GRAVE 076.- N),ARROJAR A LA VÍA O EN SUS INMEDIACIONES CUALQUIER OBJETO QUE PUEDA PRODUCIR ACCIDENTES DE CIRCULACIÓN. (DEBERÁ DETALLARSE EL OBJETO  ARROJADO.),"200.0
100.0",AUTOR PASAJERO,"NOTA: HABRÁ QUE TENER EN CUENTA, A EFECTOS DE TRASLADO AL MINISTERIO FISCAL, LOS CASOS EN LOS QUE LOS HECHOS PUDIERAN SER CONSTITUTIVOS DE DELITOS PREVISTOS EN LOS ARTÍCULOS 385 O 351 DEL CÓDIGO PENAL.",COMPORTA MIENTO INDEBIDO
CIR  Art. 007 Apt. 1 Opc. 5B,LSV  Art. 012 Apt. 7 Opc. 5B,7012,17,5B,0,GRAVE 076.- O),"CIRCULAR CON UN VEHÍCULO CON NIVELES DE EMISIÓN DE RUIDO SUPERIORES A LOS LÍMITES ESTABLECIDOS POR LAS NORMAS QUE REGULAN ESPECÍFICAMENTE LA MATERIA  (LA COMISIÓN DE LOS HECHOS DESCRITOS EN ESTOS SUPUESTOS SE DENUNCIARÁN POR ESTE PRECEPTO, AUNQUE  EN DIRECTA RELACIÓN CON LO DISPUESTO EN EL ART. 11.19 DEL REGLAMENTO GENERAL
DE VEHÍCULOS)","200.0
100.0",TITULAR CONDUCTOR,NOTA: AL PERSEGUIR ESTE TIPO DE INFRACCIÓN DEBERÁ CONTARSE CON EL MEDIO TÉCNICO (SONÓMETRO) QUE PERMITA COMPROBAR LOS NIVELES DE RUIDO DETECTADOS,EMISIONES
CIR  Art. 007 Apt. 1 Opc. 5C,LSV  Art. 012 Apt. 7 Opc. 5C,7012,17,5C,0,GRAVE 076.- O),"CIRCULAR CON UN VEHÍCULO EMITIENDO GASES O HUMOS EN VALORES SUPERIORES A LOS LÍMITES ESTABLECIDOS EN LAS NORMAS REGULADORAS DE LOS VEHÍCULOS  (LA COMISIÓN DE LOS HECHOS DESCRITOS EN ESTOS SUPUESTOS SE DENUNCIARÁN POR ESTE PRECEPTO, AUNQUE  EN DIRECTA RELACIÓN CON LO DISPUESTO EN EL ART. 11.19 DEL REGLAMENTO GENERAL
DE VEHÍCULOS)","200.0
100.0",TITULAR CONDUCTOR,NOTA: AL PERSEGUIR ESTE TIPO DE INFRACCIÓN DEBERÁ CONTARSE CON EL MEDIO TÉCNICO NECESARIO QUE PERMITA COMPROBAR EL NIVEL DE GASES O HUMOS DETECTADOS,EMISIONES
CIR  Art. 007 Apt. 1 Opc. 5D,LSV  Art. 012 Apt. 7 Opc. 5D,7012,17,5D,0,GRAVE 076.- O),"CIRCULAR CON UN VEHÍCULO QUE HA SIDO OBJETO DE UNA REFORMA DE IMPORTANCIA NO AUTORIZADA  (LA COMISIÓN DE LOS HECHOS DESCRITOS EN ESTE SUPUESTO SE DENUNCIARÁN POR ESTE PRECEPTO, AUNQUE  EN DIRECTA RELACIÓN CON  LO DISPUESTO EN EL ARTÍCULO 7 DEL REGLAMENTO
GENERAL DE VEHÍCULOS)","200.0
100.0",TITULAR CONDUCTOR,,REFORMAS IMPORTAN C.
CIR  Art. 007 Apt. 2 Opc. 5B,LSV  Art. 012 Apt. 5 Opc. 5B,7012,25,5B,0,GRAVE 076.- O),"CIRCULAR CON UN CICLOMOTOR CON EL ESCAPE LIBRE, SIN LLEVAR INSTALADO EL PRECEPTIVO DISPOSITIVO SILENCIADOR DE EXPLOSIONES O CON UN SILENCIADOR INEFICAZ  (LA COMISIÓN DE LOS HECHOS DESCRITOS EN ESTOS SUPUESTOS SE DENUNCIARÁN POR ESTE PRECEPTO, AUNQUE  EN DIRECTA RELACIÓN CON LO DISPUESTO EN EL ART. 11.19 DEL REGLAMENTO GENERAL
DE VEHÍCULOS)","200.0
100.0",CONDUCTOR,,EMISIONES
CIR  Art. 009 Apt. 1 Opc. 5E,LSV  Art. 013 Apt. 2 Opc. 5E,9013,12,5E,0,LEVE,"TRANSPORTAR EN EL VEHÍCULO RESEÑADO UN NÚMERO DE PERSONAS SUPERIOR AL DE PLAZAS AUTORIZADAS, SIN QUE EL EXCESO DE OCUPACIÓN SUPERE EN UN 50% DICHAS PLAZAS. ( EN TRANSPORTE ESCOLAR Y DE MENORES, SE APLICARÁ LA NORMATIVA ESPECÍFICA SOBRE LA MATERIA (RD 443/2001, DE 27 DE ABRIL, SOBRE CONDICIONES DE SEGURIDAD EN EL TRANSPORTE ESCOLAR Y DE MENORES))","100.0
50.0",CONDUCTOR,"NOTA:  EJ: TURISMO DE 5
PLAZAS. HASTA 6 OCUPANTES MÁX. OTROS TIPOS DE VEHÍCULO DE HASTA 9 PLAZAS: HASTA 12
OCUPANTES MÁX. SI EL EXCESO AFECTA A LOS MOVIMIENTOS DEL CONDUCTOR O A LA ESTABILIDAD DEL VEHÍCULO SE TIPIFICARÁ COMO INFRACCIÓN AL ART. 3.1 DEL RGCIR.(CONDUCCIÓN NEGLIGENTE)",EMPLAZAMI ENTO PERSONAS/ CARGA
CIR  Art. 010 Apt. 2 Opc. 5A,LSV  Art. 013 Apt. 2 Opc. 5A,10013,22,5A,0,LEVE,"VIAJAR PERSONAS EN UN VEHÍCULO DESTINADO AL TRANSPORTE DE MERCANCÍAS O COSAS EN EL LUGAR RESERVADO A LA CARGA, INCUMPLIENDO LAS CONDICIONES QUE SE ESTABLECEN EN LAS DISPOSICIONES QUE
REGULAN LA MATERIA","80.0
40.0",CONDUCTOR,"NOTA: NO OBSTANTE, EN LOS VEHÍCULOS DE TRANSPORTE DE MERCANCÍAS O COSAS, EXCEPCIONALMENTE, PODRÁN VIAJAR PERSONAS EN EL LUGAR RESERVADO A LA CARGA EN LAS  CONDICIONES QUE SE ESTABLECEN EN LAS DISPOSICIONES QUE REGULAN LA MATERIA",EMPLAZAMI ENTO PERSONAS/ CARGA
CIR  Art. 010 Apt. 3 Opc. 5B,LSV  Art. 013 Apt. 2 Opc. 5B,10013,32,5B,0,,"LLEVAR INSTALADA UNA PROTECCIÓN DE LA CARGA QUE PUEDE DAÑAR A LOS OCUPANTES EN CASO DE SER PROYECTADA, EN UN VEHÍCULO AUTORIZADO PARA TRANSPORTAR SIMULTÁNEAMENTE
PERSONAS Y CARGA","200.0
SIN REDUC.",TITULAR CONDUCTOR,NOTA: LOS HECHOS DESCRITOS EN ESTOS SUPUESTOS SE DENUNCIARÁN POR EL ARTÍCULO 12.4 DEL REGLAMENTO GENERAL DE VEHÍCULOS,CARGA Y DESCARGA
CIR  Art. 011 Apt. 1 Opc. 5B,LSV  Art. 013 Apt. - Opc. 5B,11013,11--,5B,0,LEVE,"NO PARAR LO MÁS CERCA POSIBLE DEL BORDE DERECHO DE LA CALZADA EL CONDUCTOR DE UN TRANSPORTE COLECTIVO DE
PERSONAS","80.0
40.0",CONDUCTOR,,TRANSPOR TE PÚBLICO DE VIAJEROS
CIR  Art. 011 Apt. 1 Opc. 5C,LSV  Art. 013 Apt. 2 Opc. 5C,11013,12,5C,0,LEVE,"REALIZAR EL CONDUCTOR DE UN TRANSPORTE COLECTIVO DE PERSONAS, ACTOS QUE LE PUEDAN DISTRAER
DURANTE LA MARCHA","80.0
40.0",CONDUCTOR,,TRANSPOR TE PÚBLICO DE VIAJEROS
CIR  Art. 011 Apt. 2 Opc. 5B,LSV  Art. 010 Apt. 2 Opc. 5B,11010,22,5B,0,LEVE,"NO PROHIBIR LA ENTRADA U ORDENAR LA SALIDA EL CONDUCTOR DE UN VEHÍCULO DESTINADO AL SERVICIO PÚBLICO DE TRANSPORTE COLECTIVO DE PERSONAS, A LOS VIAJEROS QUE VULNEREN LAS PROHIBICIONES
ESTABLECIDAS","80.0
40.0",CONDUCTOR,,TRANSPOR TE PÚBLICO DE VIAJEROS
CIR  Art. 012 Apt. 1 Opc. 5A,LSV  Art. 013 Apt. 2 Opc. 5A,12013,12,5A,0,LEVE,CIRCULAR 2 PERSONAS EN UN CICLO EN CONDICIONES DISTINTAS A LAS REGLAMENTARIAS (ESPECIFICAR EL INCUMPLIMIENTO),"80.0
40.0",CONDUCTOR,"NOTA: NO OBSTANTE, SE PODRÁ TRANSPORTAR A UNA PERSONA CUANDO SE CUMPLAN CIERTOS REQUISITOS: QUE EL CONDUCTOR SEA MAYOR DE EDAD, QUE LA PERSONA TRANSPORTADA SEA UN MENOR DE HASTA 7 AÑOS Y QUE UTILICE UN ASIENTO ADICIONAL QUE HABRÁ DE
SER HOMOLOGADO",EMPLAZAMI ENTO PERSONAS/ CARGA
CIR  Art. 012 Apt. 2 Opc. 5A,LSV  Art. 013 Apt. 2 Opc. 5A,12013,22,5A,0,LEVE,CIRCULAR 2 PERSONAS EN EL VEHÍCULO RESEÑADO EN CONDICIONES DISTINTAS A LAS REGLAMENTARIAS (ESPECIFICAR EL INCUMPLIMIENTO),"80.0
40.0",CONDUCTOR,"NOTA: NO OBSTANTE, EN LOS CICLOMOTORES Y MOTOCICLETAS, ADEMÁS DEL CONDUCTOR Y, EN SU CASO, DEL OCUPANTE DEL SIDECAR DE ÉSTA ÚLTIMAS, PUEDE VIAJAR, SIEMPRE QUE ASÍ CONSTE EN SU LICENCIA O PERMISO DE CIRCULACIÓN, UN PASAJERO CUMPLIENDO CIERTOS REQUISITOS (VER
GUÍA COMENTADA)",EMPLAZAMI ENTO PERSONAS/ CARGA
CIR  Art. 012 Apt. 2 Opc. 5B,LSV  Art. 013 Apt. 5 Opc. 5B,12013,25,5B,0,GRAVE 076.- I),"CIRCULAR CON MENORES DE DOCE AÑOS COMO PASAJEROS DE MOTOCICLETAS O CICLOMOTORES EN CONDICIONES DISTINTAS A LAS REGLAMENTARIAS. (DEBEN TENERSE EN CUENTA LAS EXCEPCIONES REGLAMENTARIAS PARA MAYORES DE 7 AÑOS, CUANDO SEAN CONDUCIDOS POR SU PADRE, MADRE O TUTOR O POR PERSONAS MAYORES DE EDAD POR ELLOS AUTORIZADAS; SIEMPRE Y CUANDO SE HAGA CUMPLIENDO DETERMINADOS REQUISITOS
)","200.0
100.0",CONDUCTOR,NOTA: (VER GUÍA COMENTADA),EMPLAZAMI ENTO PERSONAS/ CARGA
CIR  Art. 012 Apt. 4 Opc. 5A,LSV  Art. 013 Apt. - Opc. 5A,12013,41--,5A,0,LEVE,CIRCULAR  EL VEHÍCULO RESEÑADO ARRASTRANDO UN REMOLQUE EN CONDICIONES DISTINTAS A LAS REGLAMENTARIAS (ESPECIFICAR EL INCUMPLIMIENTO),"80.0
40.0",CONDUCTOR,"NOTA: LAS MOTOCICLETAS, LOS VEHÍCULOS DE TRES RUEDAS, LOS CICLOMOTORES Y LOS CICLOS Y BICICLETAS PODRÁN ARRASTRAR UN REMOLQUE O SEMIRREMOLQUE SIEMPRE QUE NO SUPEREN EL 50 % DE LA MASA EN VACÍO (MMA) DEL VEHÍCULO TRACTOR Y
SE CUMPLAN CIERTAS CONDICIONES.","REMOLQUE
DE VEHÍCULOS"
CIR  Art. 014 Apt. 1 Opc. 5D,LSV  Art. 012 Apt. 6 Opc. 5D,14012,1-B6,5D,0,"MUY GRAVE 077.-
B)","CIRCULAR CON EL VEHÍCULO RESEÑADO CUYA CARGA HA CAÍDO A LA VÍA, POR SU MAL ACONDICIONAMIENTO, CREANDO GRAVE PELIGRO PARA EL RESTO DE LOS USUARIOS","500.0
250.0","TITULAR CONDUCTOR AUTOR
RESPONSABLE","NOTA: DEBERÁN ESPECIFICARSE LAS CONCRETAS CIRCUNSTANCIAS EN QUE LOS HECHOS SE HAN PRODUCIDO, SEÑALANDO EN LAS MISMAS SI AQUELLOS SE DEBIERON A UN MAL ACONDICIONAMIENTO IMPUTABLE AL CONDUCTOR O AL TITULAR DEL VEHÍCULO OBJETO DE DENUNCIA (EN FUNCIÓN DE LA CLASE, TIPO Y SERVICIO A QUE EL MISMO
SE DEDICABA EN ESE MOMENTO)",EMPLAZAMI ENTO PERSONAS/ CARGA
CIR  Art. 0 Apt.  Opc. ,LSV  Art.  Apt.  Opc. ,,,,,,,,,,
CIR  Art. 014 Apt. 1 Opc. 5C,LSV  Art. 012 Apt. 6 Opc. 5C,14012,1-D6,5C,0,LEVE,"CIRCULAR CON EL VEHÍCULO RESEÑADO EN EL QUE LA INDEBIDA DISPOSICIÓN DE LA CARGA OCULTA LOS DISPOSITIVOS DE ALUMBRADO O SEÑALIZACIÓN LUMINOSA, PLACAS O DISTINTIVOS OBLIGATORIOS Y LAS ADVERTENCIAS MANUALES DEL CONDUCTOR. (DEBEN ESPECIFICARSE LAS SEÑALES O PLACAS
OCULTADAS.)","80.0
40.0",TITULAR CONDUCTOR AUTOR RESPONSABLE,,EMPLAZAMI ENTO PERSONAS/ CARGA
CIR  Art. 015 Apt. 6 Opc. 5A,LSV  Art. 012 Apt. 6 Opc. 5A,15012,66,5A,0,LEVE,"NO SEÑALIZAR REGLAMENTARIAMENTE LA CARGA QUE SOBRESALE LONGITUDINALMENTE DEL VEHÍCULO RESEÑADO  (SI LA SEÑAL SE ENCUENTRA EN EL VEHÍCULO EL RESPONSABLE ES EL CONDUCTOR. EN OTRO
CASO, EL TITULAR.)","80.0
40.0",TITULAR CONDUCTOR,"NOTA:  EN TODO CASO, LA CARGA QUE SOBRESALGA POR DETRÁS DE LOS VEHÍCULOS DEBERÁ SER SEÑALIZADA POR MEDIO DE LA SEÑAL V-20 A QUE SE REFIERE EL ARTÍCULO 173 DEL RGCIRC., Y CUYAS CARACTERÍSTICAS SE ESTABLECEN EN EL ANEXO XI DEL RGVEH.",SEÑALIZACI ÓN
CIR  Art. 015 Apt. 7 Opc. 5A,LSV  Art. 010 Apt. 2 Opc. 5A,15010,72,5A,0,LEVE,NO SEÑALIZAR REGLAMENTARIAMENTE LA CARGA QUE SOBRESALE LATERALMENTE DEL GÁLIBO DEL VEHÍCULO RESEÑADO (INDICAR SI LA SEÑAL CORRESPONDIENTE SE  ENCUENTRA O NO ACTIVADA),"80.0
40.0",TITULAR CONDUCTOR,,SEÑALIZACI ÓN
CIR  Art. 016 Apt. - Opc. 5B,LSV  Art. 010 Apt. 2 Opc. 5B,16010,-2,5B,0,LEVE,"REALIZAR EN LA VÍA OPERACIONES DE CARGA Y DESCARGA OCASIONANDO PELIGRO O PERTURBACIONES GRAVES AL TRÁNSITO DE OTROS USUARIOS  (DEBERÁ INDICARSE EL PELIGRO O LA
PERTURBACIÓN CAUSADA)","80.0
40.0",CONDUCTOR,,CARGA Y DESCARGA
CIR  Art. 017 Apt. 1 Opc. 5A,LSV  Art. 010 Apt. 1 Opc. 5A,17010,11,5A,0,LEVE,"CONDUCIR SIN ADOPTAR LAS PRECAUCIONES NECESARIAS PARA LA SEGURIDAD DE OTROS USUARIOS DE LA VÍA (DEBERÁ INDICARSE  EL HECHO QUE PROVOCÓ LA
FALTA DE PRECAUCIÓN)","80.0
40.0",CONDUCTOR,NOTA: LOS CONDUCTORES DEBERÁN ESTAR EN TODO MOMENTO EN CONDICIONES DE CONTROLAR SUS VEHÍCULOS O ANIMALES.,COMPORTA MIENTO INDEBIDO
CIR  Art. 017 Apt. 2 Opc. 5B,LSV  Art. 010 Apt. 1 Opc. 5B,17010,21,5B,0,LEVE,"ABANDONAR LA CONDUCCIÓN DE CABALLERÍAS, GANADOS O VEHÍCULOS DE CARGA DE TRACCIÓN ANIMAL, DEJÁNDOLOS MARCHAR LIBREMENTE POR EL CAMINO O DETENERSE EN EL (DEBERÁ INDICARSE EL ANIMAL O VEHÍCULO DE QUE SE TRATE)  ","80.0
40.0",CONDUCTOR,,COMPORTA MIENTO INDEBIDO
CIR  Art. 018 Apt. 1 Opc. 5A,LSV  Art. 013 Apt. 2 Opc. 5A,18013,12,5A,0,LEVE,"CONDUCIR EL VEHÍCULO RESEÑADO SIN MANTENER LA PROPIA LIBERTAD DE MOVIMIENTOS  (DEBERÁN
CONCRETARSE LOS HECHOS)","80.0
40.0",CONDUCTOR,,COMPORTA MIENTO INDEBIDO
CIR  Art. 018 Apt. 1 Opc. 5B,LSV  Art. 013 Apt. 2 Opc. 5B,18013,12,5B,0,LEVE,CONDUCIR UN VEHÍCULO SIN MANTENER EL CAMPO DE VISIÓN  (DEBERÁN CONCRETARSE LOS HECHOS),"80.0
40.0",CONDUCTOR,,COMPORTA MIENTO INDEBIDO
CIR  Art. 018 Apt. 1 Opc. 5D,LSV  Art. 013 Apt. 2 Opc. 5D,18013,12,5D,0,LEVE,"CONDUCIR UN VEHÍCULO SIN
MANTENER LA POSICIÓN ADECUADA Y QUE LA MANTENGAN EL RESTO DE LOS PASAJEROS  (DEBERÁN CONCRETARSE LOS HECHOS)","80.0
40.0",CONDUCTOR,,COMPORTA MIENTO INDEBIDO
CIR  Art. 018 Apt. 1 Opc. 5E,LSV  Art. 013 Apt. 2 Opc. 5E,18013,12,5E,0,LEVE,"CONDUCIR UN VEHÍCULO SIN CUIDAR DE LA ADECUADA COLOCACIÓN DE LOS OBJETOS O ALGÚN ANIMAL TRANSPORTADO PARA QUE NO INTERFIERAN LA CONDUCCIÓN  (DEBERÁN
CONCRETARSE LOS HECHOS)","80.0
40.0",CONDUCTOR,NOTA: LOS ANIMALES INCONTROLADOS DEBEN SER TRANSPORTADOS EN RECINTOS ADECUADOS O INDEPENDIENTES DEL USADO POR LOS PASAJEROS.,COMPORTA MIENTO INDEBIDO
CIR  Art. 018 Apt. 1 Opc. 5F,LSV  Art. 013 Apt. 3 Opc. 5F,18013,13,5F,3,GRAVE 076.- F),"CIRCULAR CON UN VEHÍCULO UTILIZANDO EL CONDUCTOR DISPOSITIVOS VISUALES INCOMPATIBLES CON LA ATENCIÓN PERMANENTE A LA CONDUCCIÓN.  (DEBERÁ ESPECIFICARSE EL
DISPOSITIVO UTILIZADO)","200.0
100.0",CONDUCTOR,"NOTA: SE CONSIDERA INCOMPATIBLE CON LA OBLIGATORIA ATENCIÓN PERMANENTE A LA CONDUCCIÓN, EL USO POR EL CONDUCTOR CON EL VEHÍCULO EN MOVIMIENTO DE DISPOSITIVOS TALES COMO PANTALLAS CON ACCESO A INTERNET, MONITORES DE TELEVISIÓN Y
REPRODUCTORES DE VIDEO O DVD.",USO DE DISPOSITIV OS
CIR  Art. 018 Apt. 2 Opc. 5A,LSV  Art. 013 Apt. 3 Opc. 5A,18013,23,5A,3,GRAVE 076.- F),"CONDUCIR UTILIZANDO CASCOS O AURICULARES CONECTADOS A APARATOS RECEPTORES O REPRODUCTORES DE
SONIDO","200.0
100.0",CONDUCTOR,NOTA: DEBERÁ ESPECIFICARSE EL DISPOSITIVO UTILIZADO,USO DE DISPOSITIV OS
CIR  Art. 018 Apt. 2 Opc. 5B,LSV  Art. 013 Apt. 3 Opc. 5B,18013,23,5B,3,GRAVE 076.- G),"CONDUCIR UTILIZANDO MANUALMENTE EL TELÉFONO MÓVIL O CUALQUIER OTRO DISPOSITIVO INCOMPATIBLE CON LA OBLIGATORIA ATENCIÓN PERMANENTE A LA CONDUCCIÓN.EL
DISPOSITIVO UTILIZADO)","200.0
100.0",CONDUCTOR,,USO DE DISPOSITIV OS
CIR  Art. 018 Apt. 3 Opc. 5B,LSV  Art. 013 Apt. 6 Opc. 5B,18013,36,5B,0,GRAVE 076.- M),EMITIR O HACER SEÑALES DE FORMA ENCAMINADA A ELUDIR LA VIGILANCIA DE LOS AGENTES DE TRÁFICO.,"200.0
100.0",CONDUCTOR,NOTA: DEBERÁ ESPECIFICARSE LA CONDUCTA CONCRETAMENTE DETECTADA.,CONDUCC. NEGLIGENT E
CIR  Art. 019 Apt. 1 Opc. 5A,LSV  Art. 013 Apt. 2 Opc. 5A,19013,12,5A,0,GRAVE 076.- O),"CIRCULAR CON UN VEHÍCULO CUYA SUPERFICIE ACRISTALADA NO PERMITE A SU CONDUCTOR LA VISIBILIDAD DIÁFANA SOBRE TODA LA VÍA POR LA COLOCACIÓN DE LAMINAS, ADHESIVOS, CORTINILLAS U OTROS ELEMENTOS NO
AUTORIZADOS","200.0
100.0",TITULAR,"NOTA: QUEDAN PROHIBIDA LA INSTALACIÓN DE LÁMINAS ADHESIVAS O CORTINILLAS EN EL CRISTAL FRONTAL O EN LAS VENTANILLAS LATERALES DELANTERAS, ASÍ COMO CUALQUIER OTRA SUPERFICIE ACRISTALADA INCLUIDA EN EL ARCO DE 180 º DE VISIÓN DIRECTA HACIA DELANTE DEL CONDUCTOR (ORDEN ITC/1992/2010, DE 14 DE JULIO).",CONDICION ES TÉCNICAS
CIR  Art. 019 Apt. 1 Opc. 5B,LSV  Art. 013 Apt. 2 Opc. 5B,19013,12,5B,0,GRAVE 076.- O),"CIRCULAR CON UN VEHÍCULO PROVISTO DE LÁMINAS ADHESIVAS O CORTINILLAS CONTRA EL SOL EN LAS VENTANILLAS POSTERIORES, SIN LLEVAR DOS ESPEJOS RETROVISORES QUE CUMPLAN LAS ESPECIFICACIONES TÉCNICAS NECESARIAS.","200.0
100.0",TITULAR,"NOTA: LAS LÁMINAS DE MATERIAL PLÁSTICO ADHESIVAS PUEDEN HOMOLOGARSE JUNTO CON EL VIDRIO AL QUE VAN DESTINADAS, EN APLICACIÓN DE LA DIRECTIVA 92/22/CEE DEL CONSEJO, DE 31 DE MARZO, RELATIVA A LOS CRISTALES DE SEGURIDAD Y A LOS MATERIALES PARA ACRISTALAMIENTO DE VEHÍCULOS A MOTOR Y SUS REMOLQUES, O DEL REGLAMENTO DE LA CEPE/ONU
43R00.",CONDICION ES TÉCNICAS
CIR  Art. 020 Apt. 1 Opc. 5F,LSV  Art. 014 Apt. 1 Opc. 5F,20014,11,5F,4,"MUY GRAVE 077.-
C)","CIRCULAR CON UNA TASA DE ALCOHOL EN SANGRE SUPERIOR A 0,50 GRAMOS POR 1000 C.C., QUE ES LA REGLAMENTARIAMENTE ESTABLECIDA (PARA CONDUCTORES EN GENERAL, PRUEBAS SIEMPRE CON ETILÓMETROS
HOMOLOGADOS)","500.0
250.0",CONDUCTOR,NOTA: CAUSA DE POSIBLE INMOVILIZACIÓN Y DEPÓSITO DEL VEHÍCULO (ARTS. 104 Y 105 LSV),ALCOHOL
CIR  Art. 020 Apt. 1 Opc. 5I,LSV  Art. 014 Apt. 1 Opc. 5I,20014,11,5I,6,"MUY GRAVE 077.-
C)","CIRCULAR CON UNA TASA DE ALCOHOL EN AIRE ESPIRADO SUPERIOR A 0,25 MILIGRAMOS POR LITRO, QUE ES LA REGLAMENTARIAMENTE ESTABLECIDA, SOBREPASANDO LOS 0,50 MG/L (TRAS LA ENTRADA EN VIGOR DE LA LEY 6/2014, DE 7 DE ABRIL, HAY NUEVAS CUANTÍAS SANCIONADORAS APLICABLES SÓLO A SUPUESTOS DE HECHO COMETIDOS A PARTIR DE LA ENTRADA EN VIGOR DE LA CITADA LEY.ENTRA EN VIGOR
EL 9/5/14)","1000.0
500.0",CONDUCTOR,"NOTA: PARA CONDUCTORES EN GENERAL, PRUEBAS SIEMPRE CON ETILÓMETROS HOMOLOGADOS. LA REFERENCIA SANCIONADORA ES LA DE LA TASA MENOR CON ETILÓMETRO HOMOLOGADO. CAUSA POSIBLE INMOVILIZACIÓN Y DEPÓSITO DEL VEHÍCULO (ART. 104 Y 105 LSV)",ALCOHOL
CIR  Art. 020 Apt. 1 Opc. 5J,LSV  Art. 014 Apt. 1 Opc. 5J,20014,11,5J,6,"MUY GRAVE 077.-
C)","CIRCULAR CON UNA TASA DE ALCOHOL EN SANGRE SUPERIOR A 0,50 GRAMOS POR MIL C.C, QUE ES LA REGLAMENTARIAMENTE ESTABLECIDA, SOBREPASANDO 1,00 GR/L (TRAS LA ENTRADA EN VIGOR DE LA LEY 6/2014, DE 7 DE ABRIL, HAY NUEVAS CUANTÍAS SANCIONADORAS APLICABLES SÓLO A SUPUESTOS DE HECHO COMETIDOS A PARTIR DE LA ENTRADA EN VIGOR DE LA CITADA LEY. ENTRA EN VIGOR EL 9/5/14.PARA CONDUCTORES EN
GENERAL.)","1000.0
500.0",CONDUCTOR,NOTA: PARA CONDUCTORES EN GENERAL.CAUSA DE POSIBLE INMOVILIZACIÓN Y DEPÓSITO DEL VEHÍCULO (ARTS. 104 Y 105 LSV).,ALCOHOL
CIR  Art. 020 Apt. 1 Opc. 5K,LSV  Art. 014 Apt. 1 Opc. 5K,20014,11,5K,6,"MUY GRAVE 077.-
C)","CIRCULAR CON UNA TASA DE ALCOHOL EN AIRE ESPIRADO SUPERIOR A 0,15 MILIGRAMOS POR LITRO, QUE ES LA REGLAMENTARIAMENTE ESTABLECIDA, SOBREPASANDO LOS 0,30 MG/L (PARA CONDUCTORES PROFESIONALES, DE SERVICIO DE URGENCIA, MERCANCÍAS PELIGROSAS O TRANSPORTES ESPECIALES, NOVELES Y PRUEBAS SIEMPRE CON ETILÓMETROS
HOMOLOGADO.)","1000.0
500.0",CONDUCTOR,"NOTA: TRAS LA ENTRADA EN VIGOR DE LA LEY 6/2014, DE 7 DE ABRIL, HAY NUEVAS CUANTÍAS SANCIONADORAS APLICABLES SÓLO A SUPUESTOS DE HECHO COMETIDOS A PARTIR DE LA ENTRADA EN VIGOR DE LA CITADA LEY. LA REFERENCIA SANCIONADORA ES LA DE LA TASA MENOR CON ETILÓMETRO HOMOLOGADO. CAUSA POSIBLE INMOVILIZACIÓN Y DEPÓSITO DEL VEHÍCULO (ART 84 Y 85 LSV)",ALCOHOL
CIR  Art. 020 Apt. 1 Opc. 5M,LSV  Art. 014 Apt. 1 Opc. 5M,20014,11,5M,4,"MUY GRAVE 077.-
C)","CIRCULAR CON UNA TASA DE ALCOHOL EN AIRE ESPIRADO SUPERIOR A 0,25 MILIGRAMOS POR LITRO, QUE ES LA REGLAMENTARIAMENTE ESTABLECIDA. (NUEVA CODIF. A TENER EN CUENTA, TRAS LA MODIFICACIÓN DE LA CUANTÍA DE SANCIÓN EN ESTOS SUPUESTOS, APROBADA POR LEY 6/2014, DE 7 DE ABRIL, REFERIDA A LA EXISTENCIA DE SANCIÓN FIRME ADOPTADA EN AÑO INMEDIATAMENTE ANTERIOR A LA FECHA DE LOS HECHOS
DETECTADOS)","1000.0
500.0",CONDUCTOR,"NOTA: PARA CONDUCTORES EN GENERAL, PRUEBAS SIEMPRE CON ETILÓMETROS HOMOLOGADOS.LA REFERENCIA SANCIONADORA ES LA DE LA TASA MENOR CON ETILÓMETRO HOMOLOGADO. CAUSA POSIBLE INMOVILIZACIÓN Y DEPÓSITO DEL VEHÍCULO (ART 104 Y 105 LSV)",ALCOHOL
CIR  Art. 020 Apt. 1 Opc. 5O,LSV  Art. 014 Apt. 1 Opc. 5O,20014,11,5O,4,"MUY GRAVE 077.-
C)","CIRCULAR CON UNA TASA DE ALCOHOL EN SANGRE SUPERIOR A 0,30 GRAMOS POR 1000 C.C., QUE ES LA REGLAMENTARIAMENTE ESTABLECIDA (PARA CONDUCTORES PROFESIONALES, NOVELES, DE SERVICIO DE URGENCIA, MERCANCÍAS PELIGROSAS O TRANSPORTES ESPECIALES. CAUSA DE POSIBLE INMOVILIZACIÓN Y DEPÓSITO DEL VEHÍCULO (ARTS. 104 Y
105 LSV))","1000.0
500.0",CONDUCTOR,"NOTA: NUEVA CODIFICACIÓN A TENER EN CUENTA, UNA VEZ TENIDA EN CONSIDERACIÓN LA MODIFICACIÓN DEL LÍMITE SANCIONADOR APLICABLE A ESTOS SUPUESTOS TRAS LA APROBACIÓN DE LA LEY 6/2014, DE 7 DE ABRIL, REFERIDA A LA CONSTANCIA DE LA EXISTENCIA DE UNA SANCIÓN FIRME EN EL AÑO INMEDIATAMENTE ANTERIOR A LA FECHA DE LOS HECHOS DETECTADOS.",ALCOHOL
CIR  Art. 026 Apt. 1 Opc. 5B,LSV  Art. 014 Apt. 5 Opc. 5B,26014,15,5B,0,LEVE,"NEGARSE EL PERSONAL SANITARIO DE UN CENTRO MÉDICO A REMITIR AL LABORATORIO LAS PRUEBAS OBTENIDAS PARA LA DETERMINACIÓN DEL GRADO DE ALCOHOLEMIA DE LA PERSONA QUE DESEA
SOMETERSE A TAL PRUEBA","80.0
40.0",FACULTATIVO,,ALCOHOL
CIR  Art. 026 Apt. 1 Opc. 5D,LSV  Art. 014 Apt. 5 Opc. 5D,26014,15,5D,0,LEVE,OMITIR EL PERSONAL SANITARIO ENCARGADO DE COMUNICAR A LA AUTORIDAD CORRESPONDIENTE EL RESULTADO DE LAS PRUEBAS REALIZADAS LOS DATOS EXIGIDOSREGLAMENTARIAMENTE ,"80.0
40.0",FACULTATIVO,,ALCOHOL
CIR  Art. 029 Apt. - Opc. 5B,LSV  Art. 015 Apt. 1 Opc. 5B,29015,-1,5B,0,GRAVE 076.- C),"NO CIRCULAR POR LA VÍA EN UN CAMBIO DE RASANTE O CURVA DE REDUCIDA VISIBILIDAD DEJANDO COMPLETAMENTE LIBRE LA MITAD DE LA CALZADA QUE CORRESPONDA A LOS QUE PUEDAN CIRCULAR EN
SENTIDO CONTRARIO","200.0
100.0",CONDUCTOR,,SENTIDO CIRCULACI ÓN
CIR  Art. 029 Apt. - Opc. 5A,LSV  Art. 015 Apt. 2 Opc. 5A,29015,-2,5A,6,"MUY GRAVE 077.-
F)","CIRCULAR POR LA IZQUIERDA EN UNA VÍA DE DOBLE SENTIDO DE LA CIRCULACIÓN EN SENTIDO CONTRARIO AL ESTIPULADO (DEBERÁ ESPECIFICARSE SI CIRCULABA ALGÚN VEHÍCULO POR SU SENTIDO DE LA VÍA Y EN SENTIDO CONTRARIO AL PRESUNTO INFRACTOR, SI ALGÚN VEHÍCULO TUVO QUE REALIZAR MANIOBRAS EVASIVAS Y SI HUBO PELIGRO PARA ALGÚN OTRO USUARIO DE LA VÍA.)  ","500.0
250.0",CONDUCTOR,"NOTA: NO SERÁ NECESARIO IDENTIFICAR NI AL VEHÍCULO NI AL USUARIO, PERO CASO DE DISPONER DE ALGÚN DATO SE HARÁ CONSTAR (MATRÍCULA, MARCA Y MODELO).",SENTIDO CONTRARIO
CIR  Art. 030 Apt. 1 Opc. 5D,LSV  Art. 016 Apt. 1 Opc. 5D,30016,1-B1,5D,6,"MUY GRAVE 077.-
F)","CIRCULAR POR EL CARRIL SITUADO MÁS A LA IZQUIERDA EN SENTIDO CONTRARIO AL ESTIPULADO, EN UNA CALZADA DE DOBLE SENTIDO DE CIRCULACIÓN Y TRES CARRILES SEPARADOS
POR MARCAS VIALES.","500.0
250.0",CONDUCTOR,,SENTIDO CONTRARI O
CIR  Art. 030 Apt. 1 Opc. 5A,LSV  Art. 017 Apt. 1 Opc. 5A,30017,11,5A,0,GRAVE 076.- C),"CIRCULAR POR EL ARCÉN, NO EXISTIENDO RAZONES DE EMERGENCIA, CON UN VEHÍCULO AUTOMÓVIL","200.0
100.0",CONDUCTOR,,ARCÉN
CIR  Art. 031 Apt. - Opc. 5B,LSV  Art. 016 Apt. 1 Opc. 5B,31016,-1,5B,0,GRAVE 076.- C),"CIRCULAR FUERA DE POBLADO POR UN CARRIL DISTINTO DEL SITUADO MÁS A LA DERECHA, EN CALZADA CON MÁS DE UN CARRIL PARA EL MISMO SENTIDO DE MARCHA, ENTORPECIENDO LA CIRCULACIÓN DE OTRO
VEHÍCULO QUE LE SIGUE.","200.0
100.0",CONDUCTOR,NOTA: ESTOS HECHOS NO SE DENUNCIARÁN COMO POSIBLE INFRACCIÓN SI NO EXISTE ENTORPECIMIENTO PARA OTRO VEHÍCULO QUE LE SIGA.,UTILIZACIÓ N CARRILES
CIR  Art. 031 Apt. 1 Opc. 5A,LSV  Art. 016 Apt. 1 Opc. 5A,31016,11,5A,0,GRAVE 076.- C),"CIRCULAR CON UN AUTOMÓVIL O VEHÍCULO ESPECIAL CON MMA SUPERIOR A 3.500 KG, FUERA DE POBLADO Y SIN RAZONES DE EMERGENCIA, POR EL ARCÉN DE UNA VÍA CON MÁS DE UN CARRIL PARA EL  MISMO SENTIDO DE MARCHA.","200.0
100.0",CONDUCTOR,,ARCÉN
CIR  Art. 032 Apt. - Opc. 5B,LSV  Art. 016 Apt. 1 Opc. 5B,32016,-1,5B,0,GRAVE 076.- C),"CIRCULAR FUERA DE POBLADO CON UN VEHÍCULO ESPECIAL O CONJUNTO DE VEHÍCULOS DE MÁS DE SIETE METROS DE LONGITUD,  POR UN CARRIL DISTINTO DEL SITUADO MÁS A LA DERECHA, ENTORPECIENDO LA MARCHA
DE OTRO QUE LE SIGUE.","200.0
100.0",CONDUCTOR,,UTILIZACIÓ N CARRILES
CIR  Art. 033 Apt. - Opc. 5B,LSV  Art. 016 Apt. 1 Opc. 5B,33016,-1,5B,0,GRAVE 076.- C),"CIRCULAR CON UN AUTOMÓVIL O VEHÍCULO ESPECIAL POR CALZADA DE POBLADO CON AL MENOS DOS CARRILES PARA EL MISMO SENTIDO, DELIMITADOS POR MARCAS LONGITUDINALES, CAMBIANDO DE CARRIL SIN  MOTIVO JUSTIFICADO.","200.0
100.0",CONDUCTOR,NOTA: EL HECHO DE CIRCULAR EN ZIG- ZAG DEBE TIPIFICARSE POR EL ARTÍCULO 3 DEL REGLAMENTO DE CIRCULACIÓN.,UTILIZACIÓ N CARRILES
CIR  Art. 035 Apt. - Opc. 5A,LSV  Art. 018 Apt. 1 Opc. 5A,35018,-1,5A,0,GRAVE 076.- C),"CIRCULAR POR UN CARRIL DE ALTA OCUPACIÓN, CON UN NÚMERO DE OCUPANTES, INCLUIDO EL CONDUCTOR, INFERIOR AL ESTABLECIDO. (VAO)","200.0
100.0",CONDUCTOR,"NOTA: LA AUTORIDAD COMPETENTE DETERMINARÁ LOS TRAMOS DE LA RED VIARIA EN LOS QUE FUNCIONARÁN CARRILES RESERVADOS PARA VAO, FIJARÁ LAS CONDICIONES DE UTILIZACIÓN Y PUBLICARÁ, REGLAMENTARIAMENTE, LA RELACIÓN DE TRAMOS DE LA RED VIARIA
EN LOS QUE SE HABILITEN.",BUS-VAO
CIR  Art. 035 Apt. - Opc. 5B,LSV  Art. 018 Apt. 2 Opc. 5B,35018,-2,5B,6,"MUY GRAVE 077.-
F)","CIRCULAR POR UN CARRIL DE ALTA OCUPACIÓN, EN SENTIDO CONTRARIO AL ESTABLECIDO (VAO)","500.0
250.0",CONDUCTOR,"NOTA: LA UTILIZACIÓN DEL CARRIL O CARRILES HABILITADOS PARA VEHÍCULOS CON ALTA OCUPACIÓN QUEDA LIMITADA A MOTOCICLETAS, TURISMOS Y VEHÍCULOS MIXTOS ADAPTABLES, QUE CUMPLAN LOS REQUISITOS PARA SER CONSIDERADOS
VAO.",SENTIDO CONTRARI O
CIR  Art. 036 Apt. 1 Opc. 5A,LSV  Art. 017 Apt. 1 Opc. 5A,36017,11,5A,0,GRAVE 076.- C),"NO CIRCULAR POR EL ARCÉN TRANSITABLE DE SU DERECHA EL CONDUCTOR DEL VEHÍCULO RESEÑADO ESTANDO OBLIGADO A UTILIZARLO (DEBEN CIRCULAR POR EL ARCÉN DE SU DERECHA, TOTAL O PARCIALMENTE: LOS VEHICULOS DE TRACCIÓN ANIMAL,LOS VEHÍCULOS ESPECIALES CON MMA NO SUPERIOR A 3.500 KG, LOS CICLOS Y CICLOMOTORES, LOS VEHÍCULOS PARA PERSONAS DE MOVILIDAD
REDUCIDA)","200.0
100.0",CONDUCTOR,"NOTA: LOS VEHÍCULOS EN SEGUIMIENTO DE CICLISTAS,LOS VEHÍCULOS CUYA MMA NO EXCEDA DE 3.500 KG QUE, POR RAZONES DE EMERGENCIA, LO HAGAN A VELOCIDAD ANORMALMENTE REDUCIDA, PERTURBANDO CON ELLO GRAVEMENTE LA CIRCULACIÓN.",ARCÉN
CIR  Art. 036 Apt. 2 Opc. 5A,LSV  Art. 017 Apt. 2 Opc. 5A,36017,22,5A,0,GRAVE 076.- Z),"CIRCULAR EN POSICIÓN PARALELA CON OTRO VEHÍCULO, TENIENDO AMBOS PROHIBIDA DICHA FORMA DE CIRCULAR (CON EXCEPCIÓN DE LAS BICICLETAS QUE PODRÁN HACERLO EN COLUMNA DE A 2, ORILLÁNDOSE TODO LO POSIBLE AL EXTREMO DERECHO DE LA VÍA Y COLOCÁNDOSE EN HILERA EN TRAMOS SIN VISIBILIDAD, Y CUANDO FORMEN AGLOMERACIONES DE
TRÁFICO.)","200.0
100.0",CONDUCTOR,"NOTA: EN LAS AUTOVÍAS SÓLO PODRÁN CIRCULAR POR EL ARCÉN, SIN INVADIR LA CALZADA EN NINGÚN CASO. LOS CICLOMOTORES PODRÁN CIRCULAR EN COLUMNA DE A DOS POR EL ARCÉN, CUANDO SEA TRANSITABLE ÉSTE, SIN INVADIR LA CALZADA EN NINGÚN CASO.",CONDUCC. NEGLIGENT E
CIR  Art. 037 Apt. - Opc. 5B,LSV  Art. 018 Apt. 1 Opc. 5B,37018,-1,5B,0,GRAVE 076.- C),"CIRCULAR POR UNA VÍA CERRADA AL TRÁFICO O POR UNO  DE SUS TRAMOS, VULNERANDO LA PROHIBICIÓN TOTAL O PARCIAL DE ACCESO AL MISMO POR PARTE DE LA AUTORIDAD COMPETENTE, POR RAZONES DE FLUIDEZ O SEGURIDAD DE LA
CIRCULACIÓN","200.0
100.0",CONDUCTOR,"NOTA: CUANDO SE VULNEREN LAS RESTRICCIONES ESTABLECIDAS POR LA RESOLUCIÓN ANUAL DE LA DGT DE MEDIDAS ESPECIALES, SE DENUNCIARÁ POR LOS ARTS.
39.2.5A Y 39.5.5A DEL RGCIRC",LIMITACION ES A LA CIRCULACI ÓN
CIR  Art. 037 Apt. - Opc. 5A,LSV  Art. 018 Apt. 2 Opc. 5A,37018,-2,5A,0,LEVE,"CIRCULAR POR UNA VÍA CONTRAVINIENDO LA RESTRICCIÓN O LIMITACIÓN DE CIRCULACIÓN A DETERMINADOS VEHÍCULOS ORDENADA POR LA AUTORIDAD COMPETENTE PARA EVITAR EL ENTORPECIMIENTO DE AQUELLA (PARA AQUELLOS SUPUESTOS EN QUE LA CONTRAVENCIÓN VULNERADA NO SE REFIERE A UNA ORDENACIÓN ESPECIAL DEL TRÁFICO POR RAZONES DE SEGURIDAD O
FLUIDEZ DE LA CIRCULACIÓN)","80.0
40.0",CONDUCTOR,"NOTA: CUANDO SE VULNEREN LAS RESTRICCIONES ESTABLECIDAS POR LA RESOLUCIÓN ANUAL DE LA DGT DE MEDIDAS ESPECIALES, SE DENUNCIARÁ POR LOS ARTS.
39.2.5A Y 39.5.5A DEL RGCIRC",LIMITACION ES A LA CIRCULACI ÓN
CIR  Art. 037 Apt. - Opc. 5A,LSV  Art. 018 Apt. 3 Opc. 5A,37018,-3,5A,0,GRAVE 076.- C),"CERRAR A LA CIRCULACIÓN DE UNA VÍA SIN ESTAR EL MISMO EXPRÉSAMENTE AUTORIZADO POR EL ORGANISMO AUTÓNOMO JEFATURA CENTRAL DE TRÁFICO O, EN SU CASO, POR LA AUTORIDAD AUTONÓMICA O LOCAL RESPONSABLE DE LA REGULACIÓN DEL
TRÁFICO.","200.0
100.0",AUTOR ORGANIZACIÓN,"NOTA: APLICABLE A TODOS AQUELLOS CIERRES A LA CIRCULACIÓN DE UNA VÍA QUE NO ESTÉN MOTIVADOS POR DEFICIENCIAS FÍSICAS DE LA INFRAESTRUCTURA O POR LA REALIZACIÓN DE OBRAS EN ÉSTA, CIRCUNSTANCIAS ÉSTAS QUE PODRÍAN SUPONER LA VULNERACIÓN DE LA NORMATIVA DE CARRETERAS Y/O SEGURIDAD CIUDADANA.",LIMITACION ES A LA CIRCULACI ÓN
CIR  Art. 037 Apt. - Opc. 5A,LSV  Art. 018 Apt. 4 Opc. 5A,37018,-4,5A,0,GRAVE 076.- C),"INCUMPLIR EL ORGANO PETICIONARIO, LAS INSTRUCCIONES FIJADAS POR LA AUTORIDAD RESPONSABLE DE LA REGULACIÓN DEL TRÁFICO, CON MOTIVO DEL ESTABLECIMIENTO DE RESTRICCIONES O LIMITACIONES A LA CIRCULACIÓN POR RAZONES DE SEGURIDAD O FLUIDEZ VIAL. (HABRÁ DE ESPECIFICARSE EL CONCRETO OBJETO DEL INCUMPLIMENTO DETECTADO, ASÍ COMO LOS EFECTOS PRODUCIDOS POR EL MISMO, AL OBJETO DE PODER GRADUAR EN LA DEBIDA FORMA LA SANCIÓN A IMPONER POR DICHA  CONDUCTA.)","200.0
100.0",ORGANIZACIÓN,,LIMITACION ES A LA CIRCULACI ÓN
CIR  Art. 038 Apt. 1 Opc. 5A,LSV  Art. 020 Apt. 1 Opc. 5A,38020,11,5A,"
0",GRAVE 076.- X),"CIRCULAR POR AUTOPISTAS O AUTOVÍAS CON VEHÍCULOS CON LOS QUE ESTÁ EXPRESAMENTE PROHIBIDO (SUPUESTO REFERIDO A CIRCULACIÓN CON VEHÍCULOS DE TRACCIÓN ANIMAL, BICICLETAS, CICLOMOTORES Y VEHÍCULOS PARA PERSONAS
DE MOVILIDAD REDUCIDA)","200.0

100.0",CONDUCTOR,,"
AUTOPISTA
-AUTOVÍA"
CIR  Art. 038 Apt. 2 Opc. 5A,LSV  Art. 021 Apt. 5 Opc. 5A,38021,25,5A,0,LEVE,"NO ABANDONAR UNA
AUTOPISTA O AUTOVÍA POR LA PRIMERA SALIDA EL CONDUCTOR DEL VEHÍCULO RESEÑADO CUANDO POR RAZONES DE EMERGENCIA SE VEA OBLIGADO A CIRCULAR A VELOCIDAD ANORMALMENTE REDUCIDA","

80.0

40.0",CONDUCTOR,,"AUTOPISTA
-AUTOVÍA"
CIR  Art. 038 Apt. 3 Opc. 5A,LSV  Art. 066 Apt. 1 Opc. 5A,38066,31,5A,0,"

MUY GRAVE 077.-
L)","CIRCULAR POR AUTOPISTA O
AUTOVÍA CON EL VEHÍCULO ESPECIAL RESEÑADO O EN RÉGIMEN DE TRANSPORTE ESPECIAL, QUE EXCEDE DE LAS MASAS Y DIMENSIONES ESTABLECIDAS PARA LOS VEHÍCULOS, CARECIENDO DE AUTORIZACIÓN.","

500.0

250.0",TITULAR,,"

MASAS Y DIMENSION ES"
CIR  Art. 038 Apt. 3 Opc. 5B,LSV  Art. 021 Apt. 5 Opc. 5B,38021,35,5B,"
0",GRAVE 076.- X),"CIRCULAR POR AUTOPISTA O
AUTOVÍA VEHÍCULO ESPECIAL RESEÑADO O EN RÉGIMEN TRANSPORTE ESPECIAL, SIN EXCESO DE MASAS O DIMENSIONES REGLAMENTARIAS, Y QUE POR SUS CARACTERISTICAS NO PUEDE DESARROLLAR VELOCIDAD SUPERIOR A 60 KM/H EN LLANO.","200.0

100.0",CONDUCTOR,"NOTA: HABRÁ DE COMPROBARSE, EN AQUELLOS CASOS DE VEHÍCULOS ESPECIALES O TRANSPORTES ESPECIALES QUE NO EXCEDAN DE DICHAS MASAS, QUE CUMPLAN LAS CONDICIONES QUE SE SEÑALAN EN EL ANEXO III DEL RGCIRC., ASÍ COMO EL GRUPO 2 DE DICHO ANEXO III EN LO CONCERNIENTE A LOS VEHÍCULOS ESPECIALES AGRÍCOLAS Y SUS CONJUNTOS.","
AUTOPISTA
-AUTOVÍA"
CIR  Art. 038 Apt. 4 Opc. 5A,LSV  Art. 021 Apt. 5 Opc. 5A,38021,45,5A,"

0","
GRAVE 076.- X)","CIRCULAR POR TRAVESÍA, VÍA
INTERURBANA, AUTOPISTA Y AUTOVÍA QUE TRANSCURREN DENTRO DE POBLADO, ASÍ COMO EN TÚNELES URBANOS, CON VEHÍCULOS
PERSONAL.	","
200.0

100.0",CONDUCTOR,"
NOTA: NUEVO APARTADO INTRODUCIDO POR RD 970/2020, DE 10 DE NOVIEMBRE, DE MODIFICACIÓN DEL RGCIRCULACIÓN, CON ENTRADA EN VIGOR A PARTIR DEL 2 DE ENERO DE 2021.","

AUTOPISTA

-AUTOVÍA"
CIR  Art. 039 Apt. - Opc. 5A,LSV  Art. 018 Apt. 2 Opc. 5A,39018,-2,5A,"
0",GRAVE 076.- C),"CIRCULAR CON EL VEHICULO RESEÑADO DENTRO DE LOS ITINERARIOS Y PLAZOS OBJETO DE LAS RESTRICCIONES IMPUESTAS POR LA AUTORIDAD COMPETENTE. (SE DEBERÁ DENUNCIAR POR ESTE HECHO SOLO EN EL SUPUESTO DE QUE NO SEA POSIBLE QUE EL INTERESADO OBTENGA UNA AUTORIZACIÓN ESPECIAL. EN CASO CONTRARIO, SE DENUNCIARÁ POR EL
ARTÍCULO 39.5.5A CIRC.)","200.0

100.0",CONDUCTOR,,"

LIMITACION ES A LA CIRCULACI ÓN"
CIR  Art. 039 Apt. - Opc. 5A,LSV  Art. 018 Apt. 4 Opc. 5A,39018,-4,5A,"
4",GRAVE 076.- J),CIRCULAR CONTRAVINIENDO LAS RESTRICCIONES TEMPORALES A LA CIRCULACIÓN IMPUESTAS POR LOS AGENTES ENCARGADOS DE LA VIGILANCIA DEL TRÁFICO PARA LOGRAR UNA MAYOR FLUIDEZ Y SEGURIDAD EN LA CIRCULACIÓN,"200.0

100.0",CONDUCTOR,"NOTA: EN CASOS IMPREVISTOS, O POR CIRCUNSTANCIAS EXCEPCIONALES, CUANDO SE ESTIME NECESARIO PARA LOGRAR UNA MAYOR FLUIDEZ O SEGURIDAD DE LA CIRCULACIÓN, SERÁN LOS AGENTES DE LA AUTORIDAD RESPONSABLE DE LA VIGILANCIA Y DISCIPLINA DEL TRÁFICO LOS QUE, DURANTE EL TIEMPO NECESARIO, DETERMINEN LAS RESTRICCIONES, ADOPTANDOS LAS
MEDIDAS OPORTUNAS.",LIMITACION ES A LA CIRCULACI ÓN
CIR  Art. 039 Apt. - Opc. 5A,LSV  Art. 018 Apt. 5 Opc. 5A,39018,-5,5A,"
0","MUY GRAVE 077.-
L)","CIRCULAR CON EL VEHÍCULO RESEÑADO DENTRO DE LOS ITINERARIOS Y PLAZOS OBJETO DE LAS RESTRICCIONES IMPUESTAS POR LA AUTORIDAD COMPETENTE, CARECIENDO DE LA AUTORIZACIÓN ESPECIAL
CORRESPONDIENTE	","500.0

250.0","TITULAR

ARRENDATARIO A LARGO PLAZO","
NOTA: LA DGT PUBLICA UNA RESOLUCIÓN ANUAL SOBRE MEDIDAS ESPECIALES DE CIRCULACIÓN, QUE, IGUALMENTE, MEDIDA IGUALMENTE ADOPTADA CON IGUAL PERIODICIDAD POR OTRAS ADMINISTRACIONES EN SU ÁMBITO DE COMPETENCIA.","
LIMITACION ES A LA CIRCULACI ÓN"
CIR  Art. 040 Apt. 1 Opc. 5A,LSV  Art. 043 Apt. 2 Opc. 5A,40043,12,5A,"
0",GRAVE 076.- E),CIRCULAR POR UN CARRIL REVERSIBLE SIN LLEVAR ENCENDIDO EL ALUMBRADO DE CRUCE,"200.0

100.0",CONDUCTOR,,"
ALUMBRAD O"
CIR  Art. 040 Apt. - Opc. 5A,LSV  Art. 018 Apt. 2 Opc. 5A,40018,-2,5A,"

6","
MUY GRAVE 077.-
F)","CIRCULAR POR UN CARRIL REVERSIBLE EN SENTIDO CONTRARIO AL ESTIPULADO (VÁLIDO PARA CUALQUIER CARRIL REVERSIBLE,
VAO)	","
500.0

250.0",CONDUCTOR,,SENTIDO CONTRARI O
CIR  Art. 041 Apt. - Opc. 5A,LSV  Art. 018 Apt. 1 Opc. 5A,41018,-1,5A,0,"

GRAVE 076.- C)",CIRCULAR CON UN VEHÍCULO NO AUTORIZADO REGLAMENTARIAMENTE POR UN CARRIL HABILITADO PARA LA CIRCULACIÓN EN SENTIDO CONTRARIO AL HABITUAL DEBIDAMENTE SEÑALIZADO,"

200.0

100.0",CONDUCTOR,"NOTA: LA UTILIZACIÓN DE LOS CARRILES HABILITADOS PARA LA CIRCULACION EN SENTIDO CONTRARIO AL HABITUAL, POR RAZÓN DE FLUIDEZ DE LA MISMA, QUEDA LIMITADA A LAS MOTOCICLETAS Y TURISMOS, SALVO QUE SEAN OBRAS EN LA CALZADA LAS QUE MOTIVEN TAL
HABILITACIÓN.","

UTILIZACIÓ N CARRILES"
CIR  Art. 041 Apt. 1 Opc. 5C,LSV  Art. 043 Apt. 2 Opc. 5C,41043,12,5C,"
0",GRAVE 076.- E),"CIRCULAR POR UN CARRIL HABILITADO PARA LA CIRCULACIÓN EN SENTIDO CONTRARIO AL HABITUAL SIN LLEVAR ENCENDIDO EL ALUMBRADO DE CRUCE (COMO OBLIGACIONES ADICIONALES EN ESTOS SUPUESTOS NOS ENCONTRAMOS CON QUE, LOS CONDUCTORES QUE CIRCULEN POR UNO DE ESTOS CARRILES DISPUESTO PARA SU UTILIZACIÓN EN SENTIDO CONTRARIO AL HABITUAL O POR UN CARRIL
ADICIONAL,)","200.0

100.0",CONDUCTOR,"

NOTA: LO HARÁN A UNA VELOCIDAD MÁXIMA DE 80 KM/H Y A UNA MÍNIMA DE 60 (O INFERIORES SI ASÍ ESTUVIERA ESTABLECIDO O ESPECÍFICAMENTE SEÑALIZADO).","
ALUMBRAD O"
CIR  Art. 041 Apt. 1 Opc. 5D,LSV  Art. 043 Apt. 2 Opc. 5D,41043,12,5D,0,"

GRAVE 076.- E)","CIRCULAR POR UN CARRIL
DESTINADO AL SENTIDO NORMAL DE CIRCULACIÓN, CONTIGUO AL HABILITADO PARA LA CIRCULACIÓN EN SENTIDO CONTRARIO, SIN LLEVAR ENCENDIDO EL ALUMBRADO DE CRUCE","

200.0

100.0",CONDUCTOR,"
NOTA: LOS CONDUCTORES QUE CIRCULEN POR UNO DE ESTOS CARRILES DEBERÁN LLEVAR ENCENDIDA, AL MENOS, LA LUZ DE CORTO ALCANCE O CRUCE, TANTO DE DÍA COMO DE NOCHE.",ALUMBRAD O
CIR  Art. 041 Apt. - Opc. 5E,LSV  Art. 018 Apt. 1 Opc. 5E,41018,-1,5E,0,"

GRAVE 076.- M)","DESPLAZARSE
LATERALMENTE A UN CARRIL CONTIGUO DESTINADO AL SENTIDO NORMAL DE LA CIRCULACIÓN DESDE OTRO CARRIL HABILITADO PARA LA CIRCULACIÓN AL SENTIDO CONTRARIO AL HABITUAL","

200.0

100.0",CONDUCTOR,,"

UTILIZACIÓ N CARRILES"
CIR  Art. 041 Apt. - Opc. 5F,LSV  Art. 018 Apt. 1 Opc. 5F,41018,-1,5F,0,"

GRAVE 076.- M)","DESPLAZARSE
LATERALMENTE A UN CARRIL CONTIGUO DESTINADO AL SENTIDO CONTRARIO AL HABITUAL DE LA CIRCULACIÓN DESDE OTRO CARRIL HABILITADO PARA LA CIRCULACIÓN AL SENTIDO NORMAL","

200.0

100.0",CONDUCTOR,,"

UTILIZACIÓ N CARRILES"
CIR  Art. 041 Apt. - Opc. 5G,LSV  Art. 018 Apt. 1 Opc. 5G,41018,-1,5G,"

0","
GRAVE 076.- C)","CIRCULAR ALTERANDO LOS
ELEMENTOS DE BALIZAMIENTO PERMANENTES O MÓVILES DE UN CARRIL DESTINADO AL USO CONTRARIO AL HABITUAL","
200.0

100.0",CONDUCTOR,"NOTA: SI LA ALTERACIÓN FUERA DE TIPO
LEVE, TAL CONDUCTA PODRÍA SER CONSIDERADA COMO CONSTITUTIVA DE DISTRACCIÓN O DE FALTA DE ATENCIÓN QUE SERÍA DENUNCIADA COMO VULNERACIÓN DEL ARTÍCULO 18.1, OPCIÓN 5C DEL RGCIRC.",BALIZAMIEN TO
CIR  Art. 041 Apt. - Opc. 5H,LSV  Art. 018 Apt. 1 Opc. 5H,41018,-1,5H,"
6","MUY GRAVE 077.-
F)","CIRCULAR EN SENTIDO CONTRARIO AL ESTIPULADO EN UNA CALZADA EN LA QUE LA AUTORIDAD COMPETENTE DE LA REGULACIÓN DEL TRÁFICO HAYA HABILITADO CARRILES PARA SU UTILIZACIÓN EN SENTIDO CONTRARIO AL HABITUAL (SE DENUNCÍARÁN POR ESTE CONCEPTO, TANTO A LOS QUE CIRCULANDO POR EL CARRIL HABILITADO INVADEN EL CONTIGUO EN SENTIDO CONTRARIO, COMO LOS QUE CIRCULANDO POR ÉSTE
HABILITADO)	","500.0

250.0",CONDUCTOR,,"

SENTIDO CONTRARI O"
CIR  Art. 042 Apt. 1 Opc. 5A,LSV  Art. 043 Apt. 2 Opc. 5A,42043,12,5A,"

0","
GRAVE 076.- E)","CIRCULAR POR UN CARRIL ADICIONAL DE CIRCULACIÓN BALIZADO SIN LLEVAR ENCENDIDO EL ALUMBRADO
DE CRUCE","
200.0

100.0",CONDUCTOR,,"
ALUMBRAD O"
CIR  Art. 042 Apt. - Opc. 5B,LSV  Art. 018 Apt. 1 Opc. 5B,42018,-1,5B,0,"

GRAVE 076.- M)","DESPLAZARSE LATERALMENTE A UN CARRIL DESTINADO AL SENTIDO NORMAL DE LA CIRCULACIÓN DESDE UN CARRIL ADICIONAL, INVADIENDO EL
SENTIDO CONTRARIO","

200.0

100.0",CONDUCTOR,,"

UTILIZACIÓ N CARRILES"
CIR  Art. 042 Apt. - Opc. 5C,LSV  Art. 018 Apt. 1 Opc. 5C,42018,-1,5C,0,"

GRAVE 076.- M)","DESPLAZARSE LATERALMENTE DESDE UN CARRIL DE SENTIDO NORMAL DE CIRCULACIÓN A UN CARRIL ADICIONAL, INVADIENDO EL SENTIDO
CONTRARIO","

200.0

100.0",CONDUCTOR,,"

UTILIZACIÓ N CARRILES"
CIR  Art. 042 Apt. - Opc. 5D,LSV  Art. 018 Apt. 1 Opc. 5D,42018,-1,5D,"
6","MUY GRAVE 077.-
F)",CIRCULAR POR UN CARRIL ADICIONAL DE CIRCULACIÓN EN SENTIDO CONTRARIO AL ESTIPULADO,"500.0

250.0",CONDUCTOR,,"
SENTIDO CONTRARI O"
CIR  Art. 042 Apt. - Opc. 5E,LSV  Art. 018 Apt. 1 Opc. 5E,42018,-1,5E,"
0",GRAVE 076.- C),CIRCULAR POR UN CARRIL ADICIONAL DE CIRCULACIÓN ALTERANDO SUS ELEMENTOS DE BALIZAMIENTO,"200.0

100.0",CONDUCTOR,,"

BALIZAMIEN TO"
CIR  Art. 043 Apt. - Opc. 5A,LSV  Art. 019 Apt. 1 Opc. 5A,43019,-1,5A,6,"

MUY GRAVE 077.-
F)","CIRCULAR EN SENTIDO CONTRARIO AL ESTIPULADO EN VÍA DE DOBLE SENTIDO DE CIRCULACIÓN, DONDE EXISTE UNA ISLETA, UN REFUGIO O UN DISPOSITIVO
DE GUÍA","

500.0

250.0",CONDUCTOR,,"

SENTIDO CONTRARI O"
CIR  Art. 043 Apt. - Opc. 5A,LSV  Art. 019 Apt. 2 Opc. 5A,43019,-2,5A,"
6","MUY GRAVE 077.-
F)","CIRCULAR POR UNA PLAZA, GLORIETA O ENCUENTRO DE VÍAS EN SENTIDO CONTRARIO AL ESTIPULADO","500.0

250.0",CONDUCTOR,"NOTA: EN PLAZAS, GLORIETAS Y ENCUENTROS DE VÍAS, LOS VEHICULOS CIRCULARÁN DEJANDO A SU IZQUIERDA EL CENTRO DE LAS MISMAS.","
SENTIDO CONTRARI O"
CIR  Art. 044 Apt. - Opc. 5A,LSV  Art. 015 Apt. 1 Opc. 5A,44015,-1,5A,"
6","MUY GRAVE 077.-
F)","CIRCULAR EN SENTIDO CONTRARIO AL ESTIPULADO EN VÍA DIVIDIDA EN DOS CALZADAS (SALVO CUANDO LA CAUSA DE LA CIRCULACIÓN EN SENTIDO CONTRARIO HAYA PODIDO SER DEBIDA A UN ERROR EN LA PERCEPCIÓN DEL CONDUCTOR, QUE CIRCULA INVOLUNTARIAMENTE EN SENTIDO CONTRARIO DEBIDO A UNA SITUACIÓN ""PERMANENTE"" VINCULADA CON SU ESTADO GENERAL
DE SALUD )","500.0

250.0",CONDUCTOR,"
NOTA: O SI LA CAUSA DE TAL ACCIÓN FUE DEBIDA A UN ERROR DEL CONDUCTOR,AL INCORPORARSE A DICHAS VÍAS, POR FALTA DE UNA ADECUADA SEÑALIZACIÓN, SE ENVIARÁ INFORME DETALLADO A JPT PARA QUE PUEDA ADOPTAR LAS MEDIDAS QUE ESTIME OPORTUNAS",SENTIDO CONTRARI O
CIR  Art. 044 Apt. - Opc. 5B,LSV  Art. 015 Apt. 2 Opc. 5B,44015,-2,5B,6,"

MUY GRAVE 077.-
F)","CIRCULAR POR LA CALZADA
LATERAL O CENTRAL, EN SENTIDO CONTRARIO AL ESTIPULADO EN LA CORRESPONDIENTE SEÑAL, EN UNA VÍA DIVIDIDA EN TRES
CALZADAS	","

500.0

250.0",CONDUCTOR,,SENTIDO CONTRARI O
CIR  Art. 046 Apt. 1 Opc. 5A,LSV  Art. 021 Apt. 1 Opc. 5A,46021,11,5A,"
0",GRAVE 076.- M),"CIRCULAR CON UN VEHÍCULO SIN MODERAR LA VELOCIDAD Y, EN SU CASO, SIN DETENERSE CUANDO LO EXIGEN LAS CIRCUNSTANCIAS (DEBERÁN INDICARSE SUCINTAMENTE TALES CIRCUNSTANCIAS: PRESENCIA DE PEATONES, CICLISTAS, VEHÍCULOS, ANIMALES, INTERSECCIÓNES, COLEGIOS, OTROS LUGARES ESPECIALES, CIRCUNSTANCIAS METEOROLÓGICAS, ESTADO
)	","200.0

100.0",CONDUCTOR,"

NOTA: TÉNGASE EN CUENTA LA MODIFICACIÓN DE LA LETRA F) DE ESTE PRECEPTO POR RD 159/2021, DE 16 DE MARZO","
VELOCIDAD"
CIR  Art. 048 Apt. 1 Opc. 5A,LSV  Art. 021 Apt. 2 Opc. 5A,48021,12,5A,"
6","MUY GRAVE 077.-
A)","CIRCULAR A ... KM/H, ESTANDO LIMITADA LA VELOCIDAD A ... KM/H. (GRAVE)","600.0

300.0",CONDUCTOR,,"
VELOCIDAD"
CIR  Art. 048 Apt. 1 Opc. 5B,LSV  Art. 021 Apt. 2 Opc. 5B,48021,12,5B,"

6","
MUY GRAVE 077.-
A)","CIRCULAR EN EL TRAMO RESEÑADO A UNA VELOCIDAD MEDIA DE ...
KM/H, ESTANDO LIMITADA LA
VELOCIDAD A ... KM/H.","
600.0

300.0",CONDUCTOR,"NOTA: VELOCIDAD MEDIA EN
TRAMO DE VÍA (TANTO PARA AUTOPISTA O AUTOVÍA CON ACCESOS COMO PARA OTROS LUGARES EN QUE ESE DETECTE LA INFRACCIÓN)","

VELOCIDAD"
CIR  Art. 048 Apt. 1 Opc. 5C,LSV  Art. 021 Apt. 2 Opc. 5C,48021,12,5C,"
6","MUY GRAVE 077.-
A)","CIRCULAR A ... KM/H, ESTANDO LIMITADA LA VELOCIDAD A ... KM/H.","600.0

300.0",CONDUCTOR,NOTA: SÓLO PARA CASOS DETECTADOS EN TRAMOS DE AUTOPISTA Y AUTOVÍA DE ACCESO A LAS CIUDADES,"
VELOCIDAD"
CIR  Art. 048 Apt. 1 Opc. 5D,LSV  Art. 021 Apt. 2 Opc. 5D,48021,12,5D,"

6","
MUY GRAVE 077.-
A)","CIRCULAR EN EL TRAMO RESEÑADO A UNA VELOCIDAD MEDIA DE ...
KM/H, ESTANDO LIMITADA LA
VELOCIDAD A ... KM/H.","
600.0

300.0",CONDUCTOR,"NOTA: VELOCIDAD MEDIA EN
TRAMO DE VÍA (SÓLO PARA CASOS DETECTADOS EN TRAMOS DE AUTOPISTA Y AUTOVÍA DE ACCESO A LAS CIUDADES)","

VELOCIDAD"
CIR  Art. 048 Apt. 1 Opc. 5E,LSV  Art. 021 Apt. 2 Opc. 5E,48021,12,5E,"
6",GRAVE 076.- A),"CIRCULAR A ... KM/H, ESTANDO LIMITADA LA VELOCIDAD A ... KM/H.","500.0

250.0",CONDUCTOR,,"
VELOCIDAD"
CIR  Art. 048 Apt. 1 Opc. 5F,LSV  Art. 021 Apt. 2 Opc. 5F,48021,12,5F,"

6","
GRAVE 076.- A)","CIRCULAR EN EL TRAMO RESEÑADO A UNA VELOCIDAD MEDIA DE ...
KM/H, ESTANDO LIMITADA LA
VELOCIDAD A ... KM/H.","
500.0

250.0",CONDUCTOR,"NOTA: VELOCIDAD MEDIA EN
TRAMO DE VÍA (TANTO PARA AUTOPISTA O AUTOVÍA CON ACCESOS COMO PARA OTROS LUGARES EN QUE ESE DETECTE LA INFRACCIÓN)","

VELOCIDAD"
CIR  Art. 048 Apt. 1 Opc. 5G,LSV  Art. 021 Apt. 2 Opc. 5G,48021,12,5G,"
4",GRAVE 076.- A),"CIRCULAR A ... KM/H, ESTANDO LIMITADA LA VELOCIDAD A ... KM/H.","400.0

200.0",CONDUCTOR,,"
VELOCIDAD"
CIR  Art. 048 Apt. 1 Opc. 5H,LSV  Art. 021 Apt. 2 Opc. 5H,48021,12,5H,"

4","
GRAVE 076.- A)","CIRCULAR EN EL TRAMO RESEÑADO A UNA VELOCIDAD MEDIA DE ...
KM/H, ESTANDO LIMITADA LA
VELOCIDAD A ... KM/H.","
400.0

200.0",CONDUCTOR,"NOTA: VELOCIDAD MEDIA EN
TRAMO DE VÍA (TANTO PARA AUTOPISTA O AUTOVÍA CON ACCESOS COMO PARA OTROS LUGARES EN QUE ESE DETECTE LA INFRACCIÓN)","

VELOCIDAD"
CIR  Art. 048 Apt. 1 Opc. 5I,LSV  Art. 021 Apt. 2 Opc. 5I,48021,12,5I,"
2",GRAVE 076.- A),"CIRCULAR A ... KM/H, ESTANDO LIMITADA LA VELOCIDAD A ... KM/H.","300.0

150.0",CONDUCTOR,,"
VELOCIDAD"
CIR  Art. 048 Apt. 1 Opc. 5J,LSV  Art. 021 Apt. 2 Opc. 5J,48021,12,5J,"

2","
GRAVE 076.- A)","CIRCULAR EN EL TRAMO RESEÑADO A UNA VELOCIDAD MEDIA DE ...
KM/H, ESTANDO LIMITADA LA
VELOCIDAD A ... KM/H.","
300.0

150.0",CONDUCTOR,"NOTA: VELOCIDAD MEDIA EN
TRAMO DE VÍA (TANTO PARA AUTOPISTA O AUTOVÍA CON ACCESOS COMO PARA OTROS LUGARES EN QUE ESE DETECTE LA INFRACCIÓN)","

VELOCIDAD"
CIR  Art. 048 Apt. 1 Opc. 5K,LSV  Art. 021 Apt. 2 Opc. 5K,48021,12,5K,"
0, 2, 4, 6",GRAVE 076.- A),"CIRCULAR A ... KM/H, ESTANDO LIMITADA LA VELOCIDAD A ... KM/H.","

SIN REDUC.",CONDUCTOR,"NOTA: SÓLO PARA CASOS DETECTADOS EN TRAMOS DE AUTOPISTA Y AUTOVÍA DE ACCESO A LAS CIUDADES. IMPORTE
VARIABLE ENTRE 100 Y 500 EUROS.","

VELOCIDAD"
CIR  Art. 048 Apt. 1 Opc. 5L,LSV  Art. 021 Apt. 2 Opc. 5L,48021,12,5L,"

0, 2, 4, 6","
GRAVE 076.- A)","CIRCULAR EN EL TRAMO RESEÑADO A UNA VELOCIDAD MEDIA DE ...
KM/H, ESTANDO LIMITADA LA VELOCIDAD A ... KM/H.",SIN REDUC.,CONDUCTOR,"NOTA: VELOCIDAD MEDIA EN
TRAMO DE VÍA (SÓLO PARA CASOS DETECTADOS EN TRAMOS DE AUTOPISTA Y AUTOVÍA DE ACCESO A LAS CIUDADES). IMPORTE VARIABLE ENTRE 100 Y 500 EUROS.","

VELOCIDAD"
CIR  Art. 048 Apt. 1 Opc. 5M,LSV  Art. 021 Apt. 2 Opc. 5M,48021,12,5M,"
0, 2, 4, 6",GRAVE 076.- A),"CIRCULAR A ... KM/H, ESTANDO LIMITADA LA VELOCIDAD A ... KM/H.","100.0

50.0",CONDUCTOR,,"
VELOCIDAD"
CIR  Art. 048 Apt. 1 Opc. 5N,LSV  Art. 021 Apt. 2 Opc. 5N,48021,12,5N,"

0, 2, 4, 6","
GRAVE 076.- A)","CIRCULAR EN EL TRAMO RESEÑADO A UNA VELOCIDAD MEDIA DE ...
KM/H, ESTANDO LIMITADA LA
VELOCIDAD A ... KM/H.","
100.0

50.0",CONDUCTOR,"NOTA: VELOCIDAD MEDIA EN
TRAMO DE VÍA (TANTO PARA AUTOPISTA O AUTOVÍA CON ACCESOS COMO PARA OTROS LUGARES EN QUE ESE DETECTE LA INFRACCIÓN)",VELOCIDAD
CIR  Art. 049 Apt. 1 Opc. 5A,LSV  Art. 021 Apt. 1 Opc. 5A,49021,11,5A,"

0","
GRAVE 076.- M)","CIRCULAR A UNA VELOCIDAD ANORMALMENTE REDUCIDA, SIN CAUSA JUSTIFICADA, ENTORPECIENDO LA MARCHA
DE OTRO VEHÍCULO","
200.0

100.0",CONDUCTOR,,"
COMPORTA MIENTO INDEBIDO"
CIR  Art. 049 Apt. 1 Opc. 5B,LSV  Art. 021 Apt. 1 Opc. 5B,49021,11,5B,"

0","
GRAVE 076.- M)","CIRCULAR POR UNA AUTOPISTA O AUTOVÍA CON UN VEHÍCULO A MOTOR A UNA VELOCIDAD INFERIOR A
60 KM/H","
200.0

100.0",CONDUCTOR,"
NOTA: AUNQUE NO SE ENCUENTRE CIRCULANDO POR DICHO TRAMO NINGÚN OTRO VEHÍCULO","

VELOCIDAD"
CIR  Art. 049 Apt. 1 Opc. 5C,LSV  Art. 021 Apt. 2 Opc. 5C,49021,12,5C,0,GRAVE 076.- M),"CIRCULAR POR UNA VÍA CON UN VEHÍCULO A UNA VELOCIDAD INFERIOR A LA MITAD DE LA GENÉRICA ESTIPULADA (DEBERÁ INDICARSE LA VELOCIDAD GENÉRICA ESTIPULADA PARA EL VEHÍCULO OBJETO DE
DENUNCIA)","

200.0

100.0",CONDUCTOR,,COMPORTA MIENTO INDEBIDO
CIR  Art. 049 Apt. 3 Opc. 5A,LSV  Art. 021 Apt. 1 Opc. 5A,49021,31,5A,0,GRAVE 076.- M),"NO UTILIZAR DURANTE LA
CIRCULACIÓN DE UN VEHÍCULO QUE NO PUEDA ALCANZAR LA VELOCIDAD MÍNIMA EXIGIDA, LAS LUCES INDICADORAS DE DIRECCIÓN CON SEÑAL DE EMERGENCIA, EXISTIENDO PELIGRO DE
ALCANCE	","

200.0

100.0",CONDUCTOR,,"
INMOVILIZA CIÓN DEL VEHÍCULO"
CIR  Art. 050 Apt. 1 Opc. 5A,LSV  Art. 021 Apt. 3 Opc. 5A,50021,13,5A,"
6","MUY GRAVE 077.-
A)","CIRCULAR A ... KM/H, ESTANDO LIMITADA LA VELOCIDAD A ... KM/H.","600.0

300.0",CONDUCTOR,,"
VELOCIDAD"
CIR  Art. 050 Apt. 1 Opc. 5B,LSV  Art. 021 Apt. 3 Opc. 5B,50021,13,5B,"

6","
MUY GRAVE 077.-
A)","CIRCULAR EN EL TRAMO RESEÑADO A UNA VELOCIDAD MEDIA DE ...
KM/H, ESTANDO LIMITADA LA
VELOCIDAD A ... KM/H.","
600.0

300.0",CONDUCTOR,"NOTA: VELOCIDAD MEDIA EN
TRAMO DE VÍA (AUTOVÍA CON ACCESOS COMO PARA OTROS LUGARES EN QUE ESE DETECTE LA INFRACCIÓN)","

VELOCIDAD"
CIR  Art. 050 Apt. 1 Opc. 5C,LSV  Art. 021 Apt. 3 Opc. 5C,50021,13,5C,"
6","MUY GRAVE 077.-
A)","CIRCULAR A ... KM/H, ESTANDO LIMITADA LA VELOCIDAD A ... KM/H.","600.0

300.0",CONDUCTOR,NOTA: SÓLO PARA CASOS DETECTADOS EN TRAMOS DE AUTOPISTA Y AUTOVÍA DE ACCESO A LAS CIUDADES,"
VELOCIDAD"
CIR  Art. 050 Apt. 1 Opc. 5D,LSV  Art. 021 Apt. 3 Opc. 5D,50021,13,5D,"

6","
MUY GRAVE 077.-
A)","CIRCULAR EN EL TRAMO RESEÑADO A UNA VELOCIDAD MEDIA DE ...
KM/H, ESTANDO LIMITADA LA
VELOCIDAD A ... KM/H.","
600.0

300.0",CONDUCTOR,"NOTA: VELOCIDAD MEDIA EN
TRAMO DE VÍA (SÓLO PARA CASOS DETECTADOS EN TRAMOS DE AUTOVÍA DE ACCESO A LAS CIUDADES)","

VELOCIDAD"
CIR  Art. 050 Apt. 1 Opc. 5E,LSV  Art. 021 Apt. 3 Opc. 5E,50021,13,5E,"
6",GRAVE 076.- A),"CIRCULAR A ... KM/H, ESTANDO LIMITADA LA VELOCIDAD A ... KM/H.","500.0

250.0",CONDUCTOR,,"
VELOCIDAD"
CIR  Art. 050 Apt. 1 Opc. 5F,LSV  Art. 021 Apt. 3 Opc. 5F,50021,13,5F,"

6","
GRAVE 076.- A)","CIRCULAR EN EL TRAMO RESEÑADO A UNA VELOCIDAD MEDIA DE ...
KM/H, ESTANDO LIMITADA LA
VELOCIDAD A ... KM/H.","
500.0

250.0",CONDUCTOR,"NOTA: VELOCIDAD MEDIA EN
TRAMO DE VÍA (AUTOVÍA CON ACCESOS COMO PARA OTROS LUGARES EN QUE ESE DETECTE LA INFRACCIÓN)","

VELOCIDAD"
CIR  Art. 050 Apt. 1 Opc. 5G,LSV  Art. 021 Apt. 3 Opc. 5G,50021,13,5G,"
4",GRAVE 076.- A),"CIRCULAR A ... KM/H, ESTANDO LIMITADA LA VELOCIDAD A ... KM/H.","400.0

200.0",CONDUCTOR,,"
VELOCIDAD"
CIR  Art. 050 Apt. 1 Opc. 5H,LSV  Art. 021 Apt. 3 Opc. 5H,50021,13,5H,"

4","
GRAVE 076.- A)","CIRCULAR EN EL TRAMO RESEÑADO A UNA VELOCIDAD MEDIA DE ...
KM/H, ESTANDO LIMITADA LA
VELOCIDAD A ... KM/H.","
400.0

200.0",CONDUCTOR,"NOTA: VELOCIDAD MEDIA EN
TRAMO DE VÍA (AUTOVÍA CON ACCESOS COMO PARA OTROS LUGARES EN QUE ESE DETECTE LA INFRACCIÓN)","

VELOCIDAD"
CIR  Art. 050 Apt. 1 Opc. 5I,LSV  Art. 021 Apt. 3 Opc. 5I,50021,13,5I,"
2",GRAVE 076.- A),"CIRCULAR A ... KM/H, ESTANDO LIMITADA LA VELOCIDAD A ... KM/H.","300.0

150.0",CONDUCTOR,,"
VELOCIDAD"
CIR  Art. 050 Apt. 1 Opc. 5J,LSV  Art. 021 Apt. 3 Opc. 5J,50021,13,5J,"

2","
GRAVE 076.- A)","CIRCULAR EN EL TRAMO RESEÑADO A UNA VELOCIDAD MEDIA DE ...
KM/H, ESTANDO LIMITADA LA
VELOCIDAD A ... KM/H.","
300.0

150.0",CONDUCTOR,"NOTA: VELOCIDAD MEDIA EN
TRAMO DE VÍA AUTOVÍA CON ACCESOS COMO PARA OTROS LUGARES EN QUE ESE DETECTE LA INFRACCIÓN)","

VELOCIDAD"
CIR  Art. 050 Apt. 1 Opc. 5K,LSV  Art. 021 Apt. 3 Opc. 5K,50021,13,5K,"
0, 2, 4, 6",GRAVE 076.- A),"CIRCULAR A ... KM/H, ESTANDO LIMITADA LA VELOCIDAD A ... KM/H.","

SIN REDUC.",CONDUCTOR,NOTA: SÓLO PARA CASOS DETECTADOS EN TRAMOS DE AUTOVÍA DE ACCESO A LAS CIUDADES. IMPORTE VARIABLE ENTRE 100 Y 500 EUROS.,"
VELOCIDAD"
CIR  Art. 050 Apt. 1 Opc. 5L,LSV  Art. 021 Apt. 3 Opc. 5L,50021,13,5L,"

0, 2, 4, 6","
GRAVE 076.- A)","CIRCULAR EN EL TRAMO RESEÑADO A UNA VELOCIDAD MEDIA DE ...
KM/H, ESTANDO LIMITADA LA
VELOCIDAD A ... KM/H.","

SIN REDUC.",CONDUCTOR,"NOTA: VELOCIDAD MEDIA EN
TRAMO DE VÍA (SÓLO PARA CASOS DETECTADOS EN TRAMOS DE AUTOVÍA DE ACCESO A LAS CIUDADES). IMPORTE VARIABLE ENTRE 100 Y 500 EUROS.","

VELOCIDAD"
CIR  Art. 050 Apt. 1 Opc. 5M,LSV  Art. 021 Apt. 3 Opc. 5M,50021,13,5M,"
0, 2, 4, 6",GRAVE 076.- A),"CIRCULAR A ... KM/H, ESTANDO LIMITADA LA VELOCIDAD A ... KM/H.","100.0

50.0",CONDUCTOR,,"
VELOCIDAD"
CIR  Art. 050 Apt. 1 Opc. 5N,LSV  Art. 021 Apt. 3 Opc. 5N,50021,13,5N,"

0, 2, 4, 6","
GRAVE 076.- A)","CIRCULAR EN EL TRAMO RESEÑADO A UNA VELOCIDAD MEDIA DE ...
KM/H, ESTANDO LIMITADA LA
KM/H.	","
100.0

50.0",CONDUCTOR,"NOTA: VELOCIDAD MEDIA EN
TRAMO DE VÍA AUTOVÍA CON ACCESOS COMO PARA OTROS LUGARES EN QUE ESE DETECTE LA INFRACCIÓN)",VELOCIDAD
CIR  Art. 052 Apt. 1 Opc. 5A,LSV  Art. 021 Apt. 2 Opc. 5A,52021,12,5A,6,"MUY GRAVE 077.-
A)","CIRCULAR A ... KM/H, ESTANDO LIMITADA LA VELOCIDAD A ... KM/H.","

600.0

300.0",CONDUCTOR,"NOTA: SOBRE LAS MÁXIMAS
GENÉRICAS, INDICADAS EN EL CUADRO DE VELOCIDADES CORRESPONDIENTE AL ARTÍCULO 48 RGCIRC., PREVALECERÁN LAS FIJADAS A TRAVÉS DE LAS CORRESPONDIENTES SEÑALES, ASÍ COMO A DETERMINADOS CONDUCTORES EN RAZÓN A SUS CIRCUNSTANCIAS PERSONALES",VELOCIDAD
CIR  Art. 052 Apt. 1 Opc. 5B,LSV  Art. 021 Apt. 2 Opc. 5B,52021,12,5B,"
6","
MUY GRAVE 077.-
A)","CIRCULAR EN EL TRAMO
RESEÑADO A UNA VELOCIDAD MEDIA DE ...
KM/H, ESTANDO LIMITADA LA
VELOCIDAD A ... KM/H.","600.0

300.0",CONDUCTOR,"NOTA: VELOCIDAD MEDIA EN
TRAMO DE VÍA (TANTO PARA AUTOPISTA O AUTOVÍA CON ACCESOS COMO PARA OTROS LUGARES EN QUE ESE DETECTE LA INFRACCIÓN)","
VELOCIDAD"
CIR  Art. 052 Apt. 1 Opc. 5C,LSV  Art. 021 Apt. 2 Opc. 5C,52021,12,5C,"
6","MUY GRAVE 077.-
A)","CIRCULAR A ... KM/H, ESTANDO LIMITADA LA VELOCIDAD A ... KM/H.","600.0

300.0",CONDUCTOR,NOTA: SÓLO PARA CASOS DETECTADOS EN TRAMOS DE AUTOPISTA Y AUTOVÍA DE ACCESO A LAS CIUDADES,"
VELOCIDAD"
CIR  Art. 052 Apt. 1 Opc. 5D,LSV  Art. 021 Apt. 2 Opc. 5D,52021,12,5D,"

6","
MUY GRAVE 077.-
A)","CIRCULAR EN EL TRAMO RESEÑADO A UNA VELOCIDAD MEDIA DE ...
KM/H, ESTANDO LIMITADA LA
VELOCIDAD A ... KM/H.","
600.0

300.0",CONDUCTOR,"NOTA: VELOCIDAD MEDIA EN
TRAMO DE VÍA (SÓLO PARA CASOS DETECTADOS EN TRAMOS DE AUTOPISTA Y AUTOVÍA DE ACCESO A LAS CIUDADES)","

VELOCIDAD"
CIR  Art. 052 Apt. 1 Opc. 5E,LSV  Art. 021 Apt. 2 Opc. 5E,52021,12,5E,"
6",GRAVE 076.- A),"CIRCULAR A ... KM/H, ESTANDO LIMITADA LA VELOCIDAD A ... KM/H.","500.0

250.0",CONDUCTOR,,"
VELOCIDAD"
CIR  Art. 052 Apt. 1 Opc. 5F,LSV  Art. 021 Apt. 2 Opc. 5F,52021,12,5F,"

6","
GRAVE 076.- A)","CIRCULAR EN EL TRAMO RESEÑADO A UNA VELOCIDAD MEDIA DE ...
KM/H, ESTANDO LIMITADA LA
VELOCIDAD A ... KM/H.","
500.0

250.0",CONDUCTOR,"NOTA: VELOCIDAD MEDIA EN
TRAMO DE VÍA (TANTO PARA AUTOPISTA O AUTOVÍA CON ACCESOS COMO PARA OTROS LUGARES EN QUE ESE DETECTE LA INFRACCIÓN)","

VELOCIDAD"
CIR  Art. 052 Apt. 1 Opc. 5G,LSV  Art. 021 Apt. 2 Opc. 5G,52021,12,5G,"
4",GRAVE 076.- A),"CIRCULAR A ... KM/H, ESTANDO LIMITADA LA VELOCIDAD A ... KM/H.","400.0

200.0",CONDUCTOR,,"

VELOCIDAD"
CIR  Art. 052 Apt. 1 Opc. 5H,LSV  Art. 021 Apt. 2 Opc. 5H,52021,12,5H,"

4","
GRAVE 076.- A)","CIRCULAR EN EL TRAMO
RESEÑADO A UNA VELOCIDAD MEDIA DE ...
KM/H, ESTANDO LIMITADA LA
VELOCIDAD A ... KM/H.","
400.0

200.0",CONDUCTOR,"NOTA: VELOCIDAD MEDIA EN
TRAMO DE VÍA (TANTO PARA AUTOPISTA O AUTOVÍA CON ACCESOS COMO PARA OTROS LUGARES EN QUE ESE DETECTE LA INFRACCIÓN)","

VELOCIDAD"
CIR  Art. 052 Apt. 1 Opc. 5I,LSV  Art. 021 Apt. 2 Opc. 5I,52021,12,5I,"
2",GRAVE 076.- A),"CIRCULAR A ... KM/H, ESTANDO LIMITADA LA VELOCIDAD A ... KM/H.","300.0

150.0",CONDUCTOR,,"
VELOCIDAD"
CIR  Art. 052 Apt. 1 Opc. 5J,LSV  Art. 021 Apt. 2 Opc. 5J,52021,12,5J,"

2","
GRAVE 076.- A)","CIRCULAR EN EL TRAMO RESEÑADO A UNA VELOCIDAD MEDIA DE ...
KM/H, ESTANDO LIMITADA LA
VELOCIDAD A ... KM/H.","
300.0

150.0",CONDUCTOR,"NOTA: VELOCIDAD MEDIA EN
TRAMO DE VÍA (TANTO PARA AUTOPISTA O AUTOVÍA CON ACCESOS COMO PARA OTROS LUGARES EN QUE ESE DETECTE LA INFRACCIÓN)","

VELOCIDAD"
CIR  Art. 052 Apt. 1 Opc. 5K,LSV  Art. 021 Apt. 2 Opc. 5K,52021,12,5K,"
0, 2, 4, 6",GRAVE 076.- A),"CIRCULAR A ... KM/H, ESTANDO LIMITADA LA VELOCIDAD A ... KM/H.","

SIN REDUC.",CONDUCTOR,"NOTA: SÓLO PARA CASOS DETECTADOS EN TRAMOS DE AUTOPISTA Y AUTOVÍA DE ACCESO A LAS CIUDADES. IMPORTE
VARIABLE ENTRE 100 Y 500 EUROS.","
VELOCIDAD"
CIR  Art. 052 Apt. 1 Opc. 5L,LSV  Art. 021 Apt. 2 Opc. 5L,52021,12,5L,"

0, 2, 4, 6","
GRAVE 076.- A)","CIRCULAR EN EL TRAMO RESEÑADO A UNA VELOCIDAD MEDIA DE ...
KM/H, ESTANDO LIMITADA LA VELOCIDAD A ... KM/H.",SIN REDUC.,CONDUCTOR,"NOTA: VELOCIDAD MEDIA EN
TRAMO DE VÍA (SÓLO PARA CASOS DETECTADOS EN TRAMOS DE AUTOPISTA Y AUTOVÍA DE ACCESO A LAS CIUDADES). IMPORTE VARIABLE ENTRE 100 Y 500 EUROS.","

VELOCIDAD"
CIR  Art. 052 Apt. 1 Opc. 5M,LSV  Art. 021 Apt. 2 Opc. 5M,52021,12,5M,"
0, 2, 4, 6",GRAVE 076.- A),"CIRCULAR A ... KM/H, ESTANDO LIMITADA LA VELOCIDAD A ... KM/H.","100.0

50.0",CONDUCTOR,,"
VELOCIDAD"
CIR  Art. 052 Apt. 1 Opc. 5N,LSV  Art. 021 Apt. 2 Opc. 5N,52021,12,5N,"

0, 2, 4, 6","
GRAVE 076.- A)","CIRCULAR EN EL TRAMO RESEÑADO A UNA VELOCIDAD MEDIA DE ...
KM/H, ESTANDO LIMITADA LA
VELOCIDAD A ... KM/H.","
100.0

50.0",CONDUCTOR,"NOTA: VELOCIDAD MEDIA EN
TRAMO DE VÍA (TANTO PARA AUTOPISTA O AUTOVÍA CON ACCESOS COMO PARA OTROS LUGARES EN QUE ESE DETECTE LA INFRACCIÓN)",VELOCIDAD
CIR  Art. 052 Apt. 2 Opc. 5B,LSV  Art. 021 Apt. 2 Opc. 5B,52021,22,5B,"

0","

LEVE","NO LLEVAR EN LA PARTE POSTERIOR DEL VEHÍCULO VISIBLE EN TODO MOMENTO, LA SEÑAL DE LIMITACIÓN DE VELOCIDAD V-4 (VEHÍCULOS ESPECIALES Y CONJUNTO DE VEHÍCULOS, VEHÍCULOS EN RÉGIMEN DE TRANSPORTE ESPECIAL Y PARA DETERMINADOS CONDUCTORES EN RAZÓN A SUS CIRCUNSTANCIAS
PERSONALES)	","
100.0

50.0",CONDUCTOR,"
NOTA: AUNQUE SÓLO TENGA TAL NATURALEZA ESPECIAL UNO DE LOS VEHÍCULOS QUE FORMA EL CONJUNTO. CÓDIGO-PRECEPTO APLICABLE, SALVO INCUMPLIMIENTO ESPECÍFICO DE NORMAS O CONDICIONES DE UNA AUTORIZACIÓN COMPLEMENTARIA DE CIRCULACIÓN, EN CUYO CASO SE ENTENDERÍA VULNERADO EL ART. 14.2 RGV.",SEÑALIZACI ÓN
CIR  Art. 053 Apt. 1 Opc. 5A,LSV  Art. 022 Apt. 1 Opc. 5A,53022,11,5A,"
0",GRAVE 076.- M),"

REDUCIR CONSIDERABLEMENTE LA VELOCIDAD DEL VEHÍCULO SIN ADVERTIRLO PREVIAMENTE","200.0

100.0",CONDUCTOR,"NOTA: EN CASO DE INMINENTE PELIGRO SE PUEDE REDUCIR CONSIDERABLEMENTE LA VELOCIDAD DE UN VEHÍCULO E INCLUSO REALIZARLO DE FORMA BRUSCA, SI BIEN, EN TAL CASO, PODRÍAMOS ESTAR ANTE UN POSIBLE INCUMPLIMIENTO, POR PARTE DEL VEHÍCULO QUE CIRCULA DETRÁS DEL PRIMERO DE LO DISPUESTO EN EL
ARTÍCULO 54 RGCIRC.",CONDUCC. NEGLIGENT E
CIR  Art. 053 Apt. 1 Opc. 5B,LSV  Art. 022 Apt. 1 Opc. 5B,53022,11,5B,"

0","
GRAVE 076.- M)","REDUCIR BRUSCAMENTE LA VELOCIDAD PRODUCIENDO RIESGO DE COLISIÓN CON LOS VEHÍCULOS QUE
SUYO	","
200.0

100.0",CONDUCTOR,,"
CONDUCC. NEGLIGENT E"
CIR  Art. 054 Apt. 1 Opc. 5A,LSV  Art. 022 Apt. 2 Opc. 5A,54022,12,5A,"
4",GRAVE 076.- Ñ),"CIRCULAR DETRÁS DE OTRO VEHÍCULO SIN DEJAR ESPACIO LIBRE QUE LE PERMITA DETENERSE, SIN COLISIONAR, EN CASO DE FRENADA BRUSCA DEL QUE LE PRECEDE. (NO SE DENUNCIARÁ POR ESTOS CONCEPTOS A LOS CICLISTAS QUE CIRCULEN EN
GRUPO)","200.0

100.0",CONDUCTOR,"
NOTA: TODO CONDUCTOR DE VEHÍCULO DEBE MANTENERSE A UNA DISTANCIA DEL QUE LE PRECEDE QUE PERMITA AL QUE A SU VEZ LE SIGA ADELANTARLO CON SEGURIDAD (50 METROS PARA VEHÍCULOS CON MMA SUPERIOR A
3.500 KG Y AQUELLOS OTROS DE MÁS DE 10 METROS DE LONGITUD TOTAL)","
DISTANCIA SEGURIDAD"
CIR  Art. 054 Apt. 2 Opc. 5A,LSV  Art. 022 Apt. 3 Opc. 5A,54022,23,5A,"
0",GRAVE 076.- Ñ),"CIRCULAR CON EL VEHÍCULO RESEÑADO DETRÁS DE OTRO SIN SEÑALIZAR EL PROPÓSITO DE ADELANTARLO, MANTENIENDO UNA SEPARACIÓN QUE NO PERMITE, A SU VEZ, SER ADELANTADO POR EL QUE LE SIGUE CON SEGURIDAD (NO APLICABLE A CICLISTAS EN GRUPO, EN POBLADO, EN ZONA PROHIBIDA DE ADELANTAMIENTO O CON MAS DE 1 CARRIL PARA MISMO SENTIDO O CON
CIRCULACIÓN SATURADA)","200.0

100.0",CONDUCTOR,"
NOTA: VER NOTA ANTERIOR","
DISTANCIA SEGURIDAD"
CIR  Art. 054 Apt. 2 Opc. 5B,LSV  Art. 022 Apt. 3 Opc. 5B,54022,23,5B,0,"

GRAVE 076.- Ñ)","CIRCULAR CON EL VEHÍCULO CON MMA SUPERIOR A 3500 KG DETRÁS DE OTRO, SIN SEÑALIZAR SU PROPÓSITO DE ADELANTARLO, MANTENIENDO UNA SEPARACIÓN INFERIOR A 50
METROS","

200.0

100.0",CONDUCTOR,NOTA: VER NOTA DEL CIR 54 1 5A,"
DISTANCIA SEGURIDAD"
CIR  Art. 054 Apt. 2 Opc. 5C,LSV  Art. 022 Apt. 3 Opc. 5C,54022,23,5C,"
0",GRAVE 076.- Ñ),"CIRCULAR CON EL VEHÍCULO O CONJUNTO DE VEHÍCULOS DE MÁS DE 10 METROS DE LONGITUD TOTAL DETRÁS DE OTRO, SIN SEÑALAR SU PROPÓSITO DE ADELANTARLO, MANTENIENDO UNA SEPARACIÓN INFERIOR A 50
METROS.	","200.0

100.0",CONDUCTOR,"
NOTA: VER NOTA DEL CIR 54 1 5A","
DISTANCIA SEGURIDAD"
CIR  Art. 055 Apt. 1 Opc. 5A,LSV  Art. 022 Apt. 5 Opc. 5A,55022,15,5A,"
0","MUY GRAVE 077.-
G)",CELEBRAR UNA PRUEBA DEPORTIVA DE COMPETICIÓN SIN AUTORIZACIÓN,"500.0

250.0",CONDUCTOR ORGANIZACIÓN,"NOTA: LA AUTORIZACIÓN PREVIA, Y LA COMPETENCIA PARA EXPEDIR LA MISMA SE ENCUENTRAN CONTEMPLADOS EN EL ANEXO II DEL RGCIRC, HABIÉNDOSE REGULADO LA TRAMITACIÓN DE PETICIÓN DE DICHAS AUTORIZACIONES DE PRUEBAS DEPORTIVAS Y MARCHAS CICLISTAS, EN LO QUE CONCIERNE A LA JCT, EN LA INSTRUCCIÓNES DGT 04/TV
-42 Y 16/TV-91, DE 3 DE MAYO DE
2016.",CARENCIA AUT. PARA CIRCULAR
CIR  Art. 055 Apt. 1 Opc. 5B,LSV  Art. 022 Apt. 5 Opc. 5B,55022,15,5B,0,"MUY GRAVE 077.-
G)",CELEBRAR UNA MARCHA CICLISTA U OTRO EVENTO SIMILAR SIN AUTORIZACIÓN,"

500.0

250.0",CONDUCTOR ORGANIZACIÓN,"NOTA: SE ENTENDERÁ POR MARCHAS CICLISTAS ORGANIZADAS AQUELLAS ACTIVIDADES DE MÁS DE 50 CICLISTAS, ESTANDO REGULADO, TANTO EL CONTROL Y ORDEN DE LA MARCHA, COMO LAS OBLIGACIONES DE LOS PARTICIPANTES, ASÍ COMO LAS CONDICIONES DE CIRCULACIÓN Y COMPORTAMIENTO DE
AQUELLOS EN LOS ARTÍCULOS",CARENCIA AUT. PARA CIRCULAR
CIR  Art. 055 Apt. 1 Opc. 5C,LSV  Art. 070 Apt. 1 Opc. 5C,55070,11,5C,"
0","MUY GRAVE 077.-
G)","CELEBRAR UNA MARCHA CICLISTA U OTRO EVENTO SIMILAR CON AUTORIZACIÓN SIN MANTENER DURANTE SU DESARROLLO LOS REQUISITOS EXIGIDOS PARA SU OTORGAMIENTO. (DESCRIBIENDO A CONTINUACIÓN LOS DISTINTOS INCUMPLIMIENTOS DE LAS CONDICIONES INCLUIDAS EN SUDÍA EN DICHA AUTORIZACIÓN Y, SANCIONANDO POR DICHA CONDUCTA AL PROPIO
ORGANIZADOR.)","500.0

250.0",ORGANIZACIÓN,NOTA: SE ENTIENDE QUE COINCIDIRÁ CON LA PERSONA QUE SOLICITÓ EN SU DÍA LA AUTORIZACÓN.,CARENCIA AUT. PARA CIRCULAR
CIR  Art. 055 Apt. 2 Opc. 5A,LSV  Art. 022 Apt. 5 Opc. 5A,55022,25,5A,6,"

MUY GRAVE 077.-
G)","ENTABLAR UNA COMPETICIÓN DE VELOCIDAD EN LA VÍA PÚBLICA O DE USO PÚBLICO SIN ESTAR DEBIDAMENTE ACOTADA LA MISMA POR LA AUTORIDAD
COMPETENTE	","

500.0

250.0",CONDUCTOR,,CONDUCC. TEMERARIA
CIR  Art. 056 Apt. 1 Opc. 5A,LSV  Art. 023 Apt. 1 Opc. 5A,56023,11,5A,"

4","
GRAVE 076.- C)","

NO CEDER EL PASO EN INTERSECCIÓN SEÑALIZADA, OBLIGANDO AL CONDUCTOR DE OTRO VEHÍCULO QUE CIRCULA CON PRIORIDAD A FRENAR O MANIOBRAR BRUSCAMENTE","
200.0

100.0",CONDUCTOR,"NOTA: EN LAS INTERSECCIONES LA PREFERENCIA DE PASO SE VERIFICARÁ SIEMPRE ATENIÉNDOSE A LA SEÑALIZACIÓN QUE LA REGULE. A TALES EFECTOS, HABRÁ DE RESPETARSE LO ORDENADO POR UN AGENTE,(ART. 143 RGCIRC.) ASÍ COMO POR UN SEMÁFORO (ART. 146 RGCIRC.), O POR UNA SEÑAL DE PRIORIDAD
(ARTS. 149 Y 151 RGCIRC.) O SEÑAL DE CEDA EL PASO O STOP (ARTS.
151 Y 169 RGCIRC.)","
CEDA EL PASO"
CIR  Art. 056 Apt. 2 Opc. 5A,LSV  Art. 023 Apt. 1 Opc. 5A,56023,21,5A,4,"

GRAVE 076.- C)","NO CEDER EL PASO EN
INTERSECCIÓN REGULADA POR UN AGENTE DE LA CIRCULACIÓN, OBLIGANDO AL CONDUCTOR DE OTRO VEHÍCULO QUE CIRCULA CON PRIORIDAD A FRENAR O MANIOBRAR BRUSCAMENTE","

200.0

100.0",CONDUCTOR,,CEDA EL PASO
CIR  Art. 056 Apt. 3 Opc. 5A,LSV  Art. 023 Apt. 1 Opc. 5A,56023,31,5A,4,"

GRAVE 076.- C)","NO CEDER EL PASO EN
INTERSECCIÓN REGULADA POR SEMÁFOROS, OBLIGANDO AL CONDUCTOR DE OTRO VEHÍCULO QUE CIRCULA CON PRIORIDAD A FRENAR O MANIOBRAR BRÚSCAMENTE","

200.0

100.0",CONDUCTOR,,"

CEDA EL PASO"
CIR  Art. 056 Apt. 5 Opc. 5A,LSV  Art. 023 Apt. 1 Opc. 5A,56023,51,5A,4,"

GRAVE 076.- L)","NO CEDER EL PASO EN
INTERSECCIÓN REGULADA CON SEÑAL DE CEDA EL PASO, OBLIGANDO AL CONDUCTOR DE OTRO VEHÍCULO QUE CIRCULA CON PRIORIDAD A FRENAR O MANIOBRAR BRUSCAMENTE","

200.0

100.0",CONDUCTOR,,"

CEDA EL PASO"
CIR  Art. 056 Apt. 5 Opc. 5B,LSV  Art. 023 Apt. 1 Opc. 5B,56023,51,5B,4,"

GRAVE 076.- L)","NO CEDER EL PASO EN
INTERSECCIÓN REGULADA CON SEÑAL DE DETENCIÓN OBLIGATORIA, OBLIGANDO AL CONDUCTOR DE OTRO VEHÍCULO QUE CIRCULA CON PRIORIDAD A FRENAR O MANIOBRAR BRUSCAMENTE
(STOP)	","

200.0

100.0",CONDUCTOR,,"
STOP"
CIR  Art. 057 Apt. 1 Opc. 5B,LSV  Art. 023 Apt. 2 Opc. 5B,57023,1-A2,5B,"

4","
GRAVE 076.- C)","CIRCULAR POR UNA VÍA SIN PAVIMENTAR SIN CEDER EL PASO A OTRO VEHÍCULO QUE CIRCULA POR VÍA
PAVIMENTADA","
200.0

100.0",CONDUCTOR,,"
CEDA EL PASO"
CIR  Art. 057 Apt. 1 Opc. 5B,LSV  Art. 023 Apt. 2 Opc. 5B,57023,1-B2,5B,"
4",GRAVE 076.- C),NO RESPETAR LA PRIORIDAD DE PASO DE UN VEHÍCULO QUE CIRCULA POR RAÍLES,"200.0

100.0",CONDUCTOR,,"
CEDA EL PASO"
CIR  Art. 057 Apt. 1 Opc. 5C,LSV  Art. 023 Apt. 2 Opc. 5C,57023,1-C2,5C,4,"

GRAVE 076.- C)","
ACCEDER A UNA GLORIETA SIN RESPETAR LA PREFERENCIA DE PASO DE UN VEHÍCULO QUE CIRCULA POR LA MISMA","

200.0

100.0",CONDUCTOR,"NOTA: EN DEFECTO DE SEÑAL QUE REGULE LA PREFERENCIA DE PASO, EL CONDUCTOR ESTÁ OBLIGADO A CEDERLO A LOS VEHÍCULOS QUE SE APROXIMEN POR SU DERECHA, SALVO AQUELLOS SUPUESTOS CONTEMPLADOS EN LOS
CÓDIGOS-PRECEPTO DE ESTE ARTÍCULO.","

CEDA EL PASO"
CIR  Art. 057 Apt. 1 Opc. 5D,LSV  Art. 023 Apt. 3 Opc. 5D,57023,1-D3,5D,"

4","
GRAVE 076.- C)","ACCEDER A UNA AUTOPISTA O AUTOVÍA SIN RESPETAR LA PREFERENCIA DE PASO DE UN VEHÍCULO QUE CIRCULA
POR LA MISMA","
200.0

100.0",CONDUCTOR,,"
CEDA EL PASO"
CIR  Art. 057 Apt. 1 Opc. 5A,LSV  Art. 023 Apt. 2 Opc. 5A,57023,12,5A,4,"

GRAVE 076.- C)","
NO CEDER EL PASO EN UNA INTERSECCIÓN A UN VEHÍCULO QUE SE APROXIMA POR SU DERECHA","

200.0

100.0",CONDUCTOR,"NOTA: EN DEFECTO DE SEÑAL QUE REGULE LA PREFERENCIA DE PASO, EL CONDUCTOR ESTÁ OBLIGADO A CEDERLO A LOS VEHÍCULOS QUE SE APROXIMEN POR SU DERECHA, SALVO AQUELLOS SUPUESTOS CONTEMPLADOS EN LOS
CÓDIGOS-PRECEPTO DE ESTE ARTÍCULO.",CEDA EL PASO
CIR  Art. 058 Apt. 1 Opc. 5A,LSV  Art. 026 Apt. 1 Opc. 5A,58026,11,5A,"
0",GRAVE 076.- C),"
NO MOSTRAR CON SUFICIENTE ANTELACIÓN, POR SU FORMA DE CIRCULAR Y ESPECIALMENTE CON LA REDUCCIÓN PAULATINA DE LA VELOCIDAD, QUE VA A CEDER EL PASO EN UNA INTERSECCIÓN","200.0

100.0",CONDUCTOR,"NOTA: DEBERÁ DESCRIBIRSE, SUCINTAMENTE, LA FORMA DE CIRCULAR (ALTA VELOCIDAD, ACELERANDO, ETC) Y LA FORMA DE DETENERSE (RUIDO, DESPLAZAMIENTO DE GRAVILLA, BRUSQUEDAD, ETC) Y LA REACCIÓN QUE PRODUJO EN EL CONDUCTOR QUE CIRCULABA POR LA VÍA PREFERENTE (FRENAZO, MANIOBRA EVASIVA AL
VOLANTE, ETC).",CEDA EL PASO
CIR  Art. 059 Apt. 1 Opc. 5A,LSV  Art. 026 Apt. 2 Opc. 5A,59026,12,5A,"
0",GRAVE 076.- C),"

ENTRAR CON EL VEHÍCULO RESEÑADO EN UNA INTERSECCIÓN, QUEDANDO DETENIDO DE FORMA QUE IMPIDE U OBSTRUYE LA CIRCULACIÓN TRANSVERSAL","200.0

100.0",CONDUCTOR,"NOTA: NINGÚN CONDUCTOR, AUNQUE TENGA LA PRIORIDAD DE PASO EN ESOS MOMENTOS, DEBERÁ PENETRAR CON SU VEHÍCULO EN UNA INTERSECCIÓN O EN UN PASO PARA PEATONES O PARA CICLISTAS SI LA SITUACIÓN DE LA CIRCULACIÓN ES TAL QUE, PREVISIBLEMENTE, PUEDA QUEDAR DETENIDO DE FORMA QUE IMPIDA U
OBSTRUYA LA CIRCULACIÓN TRANSVERSAL.",CEDA EL PASO
CIR  Art. 059 Apt. 1 Opc. 5B,LSV  Art. 026 Apt. 2 Opc. 5B,59026,12,5B,0,"

GRAVE 076.- C)","ENTRAR CON EL VEHÍCULO RESEÑADO EN UN PASO DE
PEATONES O CICLISTAS, QUEDANDO DETENIDO DE FORMA QUE IMPIDE U OBSTRUYE LA CIRCULACIÓN
TRANSVERSAL","

200.0

100.0",CONDUCTOR,,"

CEDA EL PASO"
CIR  Art. 059 Apt. 2 Opc. 5A,LSV  Art. 026 Apt. 3 Opc. 5A,59026,23,5A,0,"

GRAVE 076.- C)","TENER DETENIDO EL VEHÍCULO EN INTERSECCIÓN REGULADA POR SEMÁFORO, OBSTACULIZANDO LA CIRCULACIÓN, Y NO SALIR DE AQUELLA LO ANTES POSIBLE, PUDIENDO HACERLO (TODO CONDUCTOR QUE TENGA DETENIDO SU VEHICULO EN UNA INTERSECCIÓN REGULADA POR SEMÁFORO Y LA SITUACIÓN DEL MISMO CONSTITUYA OBSTÁCULO
)	","

200.0

100.0",CONDUCTOR,"NOTA: DEBERÁ SALIR DE AQUELLA SIN ESPERAR A QUE SE PERMITA LA CIRCULACIÓN EN LA DIRECCIÓN QUE SE PROPONE TOMAR,SIEMPRE QUE AL HACERLO NO ENTORPEZCA LA MARCHA DE LOS DEMÁS USUARIOS QUE AVANCEN EN EL SENTIDO PERMITIDO.",CEDA EL PASO
CIR  Art. 060 Apt. 1 Opc. 5A,LSV  Art. 023 Apt. 3 Opc. 5A,60023,13,5A,"
0",GRAVE 076.- C),"

NO RESPETAR LA PRIORIDAD DE PASO DE OTRO VEHÍCULO QUE HA ENTRADO PRIMERO EN UN TRAMO ESTRECHO NO SEÑALIZADO AL EFECTO","200.0

100.0",CONDUCTOR,"NOTA: TODO CONDUCTOR, INDEPENDIENTEMENTE DEL VEHÍCULO QUE CONDUZCA, TENDRÁ QUE RECONOCER EL DERECHO DE PREFERENCIA DE PASO AL QUE HUBIESE ENTRADO PRIMERO EN UN TRAMO DE OBRAS O ESTRECHAMIENTO. EN CASO DE DUDA SOBRE DICHA CIRCUNSTANCIA, TENDRÁ LA PREFERENCIA EL VEHICULO CON MAYORES
DIFICULTADES DE MANIOBRA.",PRIORIDAD DE PASO
CIR  Art. 060 Apt. 2 Opc. 5A,LSV  Art. 023 Apt. 3 Opc. 5A,60023,23,5A,0,"

GRAVE 076.- C)","CIRCULAR CON UN VEHÍCULO, CABALLERÍAS O GANADO POR SITIO DISTINTO DEL SEÑALADO AL EFECTO, EN UNA VÍA DONDE SE ESTÁN EFECTUANDO OBRAS DE
REPARACIÓN","

200.0

100.0",CONDUCTOR,"NOTA: CUANDO LA REGLA ANTERIOR HUBIERA DE APLICARSE A VEHÍCULOS DEL MISMO TIPO, LA PREFERENCIA SE DECIDIRÁ POR EL QUE TUVIERA QUE DAR MARCHA ATRÁS MAYOR DISTANCIA Y, EN CASO DE IGUALDAD, POR EL QUE TUVIERA
MAYOR ANCHURA LONGITUD O MMA.","

PRIORIDAD DE PASO"
CIR  Art. 060 Apt. 4 Opc. 5A,LSV  Art. 023 Apt. 3 Opc. 5A,60023,43,5A,"
0",GRAVE 076.- C),"NO COLOCARSE DETRÁS DE OTRO VEHÍCULO QUE SE ENCUENTRA DETENIDO, ESPERANDO PARA PASAR, ANTE UNA OBRA DE REPARACIÓN DE LA VÍA, INTENTANDO SUPERAR LA MISMA SIN SEGUIR AL VEHÍCULO QUE TIENE
DELANTE","200.0

100.0",CONDUCTOR,,PRIORIDAD DE PASO
